	SEQUENCE_ID	SEQUENCE_INPUT	FUNCTIONAL	IN_FRAME	STOP	V_CALL	D_CALL	J_CALL	SEQUENCE_IMGT	JUNCTION	CDR1_IMGT	CDR2_IMGT	CDR3_IMGT	FWR1_IMGT	FWR2_IMGT	FWR3_IMGT	FWR4_IMGT	JUNCTION_LENGTH	V_CALL_GENOTYPED
21885	SPENSER:89:000000000-A8P9T:A01:6:u253094:0	CACGCTTCTTTGATAGGGGGATCACATAACAACCACATTCCTCCTCTAAAGAAGCCCCTGGGAGCACAGCTCATCACCATGGACTGGACCTGGAGGTTCCTCTTTGTGGTGGCAGCAGCTACAGGTGTCCAGTCCCAGGTGCAGCTGGTGCAGTCTGGGGCTGAGGTGAAGAAGCCTGGGGCCTCAGTGAAGGTCTCCTGCAAGGTTTCCGGATACACCCTCACTGAATTATCCATGCACTGGGTGCGACAGGCTCCTGGAAAAGGGCTTGAGTGGATGGGAGGTTTTGATCCTGAAGATAAATAATCTACGCACAGAAGTTCGAGGGAGGAGTAACCATGACCGAGGAAACAGCTACAGATACAGCCTACATGGAGCTGAGCAGCCTGAGATCTGAGGACACGGCCGTGTATTACTGTGCAACCAGTATTGTAGTGGTGTACTACTACTACGGTATGGACGTCTGGGGCCAAGGGACCACGGTCACCGTCTCCTCAGGGAGTGCATCCGCCCCAACCCTTTTCCCCCTCGTCTCCTGTGAGAATTCCCCGTCGGATACGAGCAGCGTGGCCGTTGGCTGCCTCGCACAGGACTTCCGTC	FALSE	TRUE	TRUE	IGHV1-24*01	IGHD2-15*01	IGHJ6*02	..............................GAGGTGAAGAAGCCTGGGGCCTCAGTGAAGGTCTCCTGCAAGGTTTCCGGATACACCCTC............ACTGAATTATCCATGCACTGGGTGCGACAGGCTCCTGGAAAAGGGCTTGAGTGGATGGGAGGTTTTGATCCTGAA......GAT----AAATAATCTACGCACAGAAGTTCGAG...GGAGGAGTAACCATGACCGAGGAAACAGCTACAGATACAGCCTACATGGAGCTGAGCAGCCTGAGATCTGAGGACACGGCCGTGTATTACTGTGCAACCAGTATTGTAGTGGTGTACTACTACTACGGTATGGACGTCTGGGGCCAAGGGACCACGGTCACCGTCTCCTCA	TGTGCAACCAGTATTGTAGTGGTGTACTACTACTACGGTATGGACGTCTGG	GGATACACCCTC............ACTGAATTATCC	TTTGATCCTGAA......GAT----AAATA	GCAACCAGTATTGTAGTGGTGTACTACTACTACGGTATGGACGTC	CAGGTGCAGCTGGTGCAGTCTGGGGCT...GAGGTGAAGAAGCCTGGGGCCTCAGTGAAGGTCTCCTGCAAGGTTTCC	ATGCACTGGGTGCGACAGGCTCCTGGAAAAGGGCTTGAGTGGATGGGAGGT	ATCTACGCACAGAAGTTCGAG...GGAGGAGTAACCATGACCGAGGAAACAGCTACAGATACAGCCTACATGGAGCTGAGCAGCCTGAGATCTGAGGACACGGCCGTGTATTACTGT	TGGGGCCAAGGGACCACGGTCACCGTCTCCTCA	51	IGHV1-24*01
21931	SPENSER:89:000000000-A8P9T:A01:6:u363603:0	CGTTATACGTTTCCCGGGGGATCACACAACAGCCACATCCCTCCCCTACAGAAGCCCCCAGAGTGCAGCACCTCACCATGGACTGCACCTGGAGGATCCTCTTCTTGGTGGCAGCAGCTACAGGCACCCACGCCCAGGTCCAGCTGGTACAGTCTGGGGCTGAGGTGAAGAAGCCTGGGGCCTCAGTGAAGGTCTCCTGCAAGGTTTCCGGATACACCCTCACTGAATTATCCATGCACTGGGTGCGACAGGCTCCTGGAAAAGGGCTTGAGTGGNTGGGAGNTTTTGATCCTGAAGNTNANNNNNNNNNNNNTNTCNNGGNNNNNGNNACCANGACCGNGGNNNNATNTNCNGNNACAGCCNANNNGGNGCTNNNCAGCCTGNNNTCTGAGGANACGGCCGTGTATTACTGTGCAACATTTACAGTGGGAGCTACTACTCCCTACTACTACGGTATGGACGTCTGGGGCCAAGGGACCACGGTCACCGTCTCCTCAGGGAGTGCATCCGCCCCAACCCTTTTCCCCCTCGTCTCCTGTGAGAATTCCCCGTCGGATACGAGCAGCGTGGCCGTTGGCTGCCTCGCACAGGACTTCCTCN	TRUE	TRUE	FALSE	IGHV1-24*01	IGHD1-26*01	IGHJ6*02	..............................GAGGTGAAGAAGCCTGGGGCCTCAGTGAAGGTCTCCTGCAAGGTTTCCGGATACACCCTC............ACTGAATTATCCATGCACTGGGTGCGACAGGCTCCTGGAAAAGGGCTTGAGTGGNTGGGAGNTTTTGATCCTGAA......GNT---------NANNNNNNNNNNNNTNTCNNG...GNNNNNGNNACCANGACCGNGGNNNNATNTNCNGNNACAGCCNANNNGGNGCTNNNCAGCCTGNNNTCTGAGGANACGGCCGTGTATTACTGTGCAACATTTACAGTGGGAGCTACTACTCCCTACTACTACGGTATGGACGTCTGGGGCCAAGGGACCACGGTCACCGTCTCCTCA	TGTGCAACATTTACAGTGGGAGCTACTACTCCCTACTACTACGGTATGGACGTCTGG	GGATACACCCTC............ACTGAATTATCC	TTTGATCCTGAA......GNT---------	GCAACATTTACAGTGGGAGCTACTACTCCCTACTACTACGGTATGGACGTC	CAGGTCCAGCTGGTACAGTCTGGGGCT...GAGGTGAAGAAGCCTGGGGCCTCAGTGAAGGTCTCCTGCAAGGTTTCC	ATGCACTGGGTGCGACAGGCTCCTGGAAAAGGGCTTGAGTGGNTGGGAGNT	NANNNNNNNNNNNNTNTCNNG...GNNNNNGNNACCANGACCGNGGNNNNATNTNCNGNNACAGCCNANNNGGNGCTNNNCAGCCTGNNNTCTGAGGANACGGCCGTGTATTACTGT	TGGGGCCAAGGGACCACGGTCACCGTCTCCTCA	57	IGHV1-24*01
22055	SPENSER:89:000000000-A8P9T:A01:6:u419048:0	GGCGGTGTGTCCGGGGGATCACACAACAGCCACATCCCTCCCCTACAGAAGCCCCCAGAGTGCAGCACCTCACCATGGACTGCACCTGGAGGATCCTCTTCTTGGTGGCAGCAGCTACAGGCACCCACGCCCAGGTCCAGCTGGTACAGTCTGGGGCTGAGGTGAAGAAGCCTGGGGCCTCAGTGAAGGTCTCCTGCACGGTTTCCGGATACACCCTCACTGAATTATCCATGCACTGGGTGCGACAGGCTCCTGGAAAAGGGCTTGAGTGGATGGGAGGTTTTGATCCTGAAGATGGTGAAAAAATCAATGAACGTAAGTTCCAGGGAAGAGTCACCATGACCGAGGAAACATCTAAAGAAACAGCCTACATGGAGCTGAGCAGCCTGGGAGCTGAGGACACGGCCGGGTATTACTGTGCAACAGGGGGGGGGTCATACTATGGTTCGGGGATTGGATGGTACTGGGGCCAGGGAACCCTGGTCACCGTCTCCTCAGGGAGTGCATCCGCCCCAACCCTTTTCCCCCTCGTCTCCTGTGAGAATTCCCCGTCGGATACGAGCAGCGTGGCCGTTGGCTGCCTCGCACAGGACTTCGATT	TRUE	TRUE	FALSE	IGHV1-24*01	IGHD3-10*01	IGHJ4*02	..............................GAGGTGAAGAAGCCTGGGGCCTCAGTGAAGGTCTCCTGCACGGTTTCCGGATACACCCTC............ACTGAATTATCCATGCACTGGGTGCGACAGGCTCCTGGAAAAGGGCTTGAGTGGATGGGAGGTTTTGATCCTGAA......GATGGTGAAAAAATCAATGAACGTAAGTTCCAG...GGAAGAGTCACCATGACCGAGGAAACATCTAAAGAAACAGCCTACATGGAGCTGAGCAGCCTGGGAGCTGAGGACACGGCCGGGTATTACTGTGCAACAGGGGGGGGGTCATACTATGGTTCGGGGATTGGATGGTACTGGGGCCAGGGAACCCTGGTCACCGTCTCCTCAG	TGTGCAACAGGGGGGGGGTCATACTATGGTTCGGGGATTGGATGGTACTGG	GGATACACCCTC............ACTGAATTATCC	TTTGATCCTGAA......GATGGTGAAAAA	GCAACAGGGGGGGGGTCATACTATGGTTCGGGGATTGGATGGTAC	CAGGTCCAGCTGGTACAGTCTGGGGCT...GAGGTGAAGAAGCCTGGGGCCTCAGTGAAGGTCTCCTGCACGGTTTCC	ATGCACTGGGTGCGACAGGCTCCTGGAAAAGGGCTTGAGTGGATGGGAGGT	ATCAATGAACGTAAGTTCCAG...GGAAGAGTCACCATGACCGAGGAAACATCTAAAGAAACAGCCTACATGGAGCTGAGCAGCCTGGGAGCTGAGGACACGGCCGGGTATTACTGT	TGGGGCCAGGGAACCCTGGTCACCGTCTCCTCAG	51	IGHV1-24*01
22125	SPENSER:89:000000000-A8P9T:A01:6:u103557:0	TGTCAGTTGTCAAGCGGGGGATCACACAACAGCCACATCCCTCCCCTACAGAAGCCCCCAGAGTGCAGCACCTCACCATGGACTGCACCTGGAGGATCCTCTTCTTGGTGGCAGCAGCTACAGGCACCCACGCCCAGGTCCAGCTGGTACAGTCTGGGGCTGAGGTGAAGAAGCCTGGGGCCTCAGTGAAGGTCTCCTGCAAGGTTTCCGGATACACCCTCACTGAATTATCCATGCACTGGGTGCGACAGGCTCCTGGANANGNGCTTGAGTGGATGGGAGGTTTTGNTCCNGAAGATGNNNANGNANNGNNNNNNCNGNGNNGNGNNNCNANNNNCGNNGNNNCATCNANAGNNANAGNCTNNATGGAGCNGAGCAGCCTGAGATCTGAGGANACGGCCGTGTATTACTGTGCAACAGNNNNTCTATNGTTNNGGNATACTATTCCNGNTTNGACNNCTGGGGCCAGGGAACCCTGGTCACCGTCTCCTCAGGGAGTGCATCCGCCCCAACCCTTTTCCCCCTCGTCTCCTGTGAGAATTCCCCGTCGGATACGAGCAGCGTGGCCGTTGGCTGCCTCGCACAGGACTTCACCT	FALSE	FALSE	FALSE	IGHV1-24*01	"IGHD2-21*01,IGHD2-21*02"	"IGHJ4*02,IGHJ5*02"	..............................GAGGTGAAGAAGCCTGGGGCCTCAGTGAAGGTCTCCTGCAAGGTTTCCGGATACACCCTC............ACTGAATTATCCATGCACTGGGTGCGACAGGCTCCTGGANANGNGCTTGAGTGGATGGGAGGTTTTGNTCCNGAA......GATG---------NNNANGNANNGNNNNNNCNG...NGNNGNGNNNCNANNNNCGNNGNNNCATCNANAGNNANAGNCTNNATGGAGCNGAGCAGCCTGAGATCTGAGGANACGGCCGTGTATTACTGTGCAACAGNNNNTCTATNGTTNNGGNATACTATTCCNGNTTNGACNNCTGGGGCCAGGGAACCCTGGTCACCGTCTCCTCAG	TGTGCAACAGNNNNTCTATNGTTNNGGNATACTATTCCNGNTTNGACNNCTGG	GGATACACCCTC............ACTGAATTATCC	TTTGNTCCNGAA......GATG--------	GCAACAGNNNNTCTATNGTTNNGGNATACTATTCCNGNTTNGACNNC	CAGGTCCAGCTGGTACAGTCTGGGGCT...GAGGTGAAGAAGCCTGGGGCCTCAGTGAAGGTCTCCTGCAAGGTTTCC	ATGCACTGGGTGCGACAGGCTCCTGGANANGNGCTTGAGTGGATGGGAGGT	#NAME?	TGGGGCCAGGGAACCCTGGTCACCGTCTCCTCAG	53	IGHV1-24*01
22126	SPENSER:89:000000000-A8P9T:A01:6:u103557:2	TGTCAGTTGTCAAGCGGGGGATCACACAACAGCCACATCCCTCCCCTACAGAAGCCCCCAGAGTGCAGCACCTCACCATGGACTGCACCTGGAGGATCCTCTTCTTGGTGGCAGCAGCTACAGGCACCCACGCCCAGGTCCAGCTGGTACAGTCTGGGGCTGAGGTGAAGAAGCCTGGGGCCTCAGTGAAGGTCTCCTGCAAGGTTTCCGGATACACCCTCACTGAATTATCCATGCACTGGGTGCGACAGGCTCCTGGAAAAGGGCTTGAGTGGATGGGAGGGATCATCCCTATCTTTGGCGGCTCGGTCCCGTTTACCCCGTACCTTCCCACGCGCACGGCCTACATGTAGCTGGGCAGCCTTGGTTCTTCGGATACGGGCGTGTAGTACTGTGCGAGAGTGGGGTACTATGGTTCGGGGAGTTATTATGCTCATTACTACTACTACTACGGTATGGACGTCTGGGGCCAAGGGACCACGGTCACCGTCTCCTCAGGGAGTGCATCCGCCCCAACCCTTTTCCCCCTCGTCTCCTGTGAGAATTCCCCGTCGGATACGAGCAGCGTGGCCGTTGGCTGCCTCGCACAGGACTTCTAAT	FALSE	TRUE	TRUE	IGHV1-24*01	IGHD3-10*01	IGHJ6*02	..............................GAGGTGAAGAAGCCTGGGGCCTCAGTGAAGGTCTCCTGCAAGGTTTCCGGATACACCCTC............ACTGAATTATCCATGCACTGGGTGCGACAGGCTCCTGGAAAAGGGCTTGAGTGGATGGGAGG----GATCAT---......--------------------CCCTATCTTTGGC...GGCTCGGTCCCGTTTACCCCGTACCTTCCCACGCGCACGGCCTACATGTAGCTGGGCAGCCTTGGTTCTTCGGATACGGGCGTGTAGTACTGTGCGAGAGTGGGGTACTATGGTTCGGGGAGTTATTATGCTCATTACTACTACTACTACGGTATGGACGTCTGGGGCCAAGGGACCACGGTCACCGTCTCCTCA	TGTGCGAGAGTGGGGTACTATGGTTCGGGGAGTTATTATGCTCATTACTACTACTACTACGGTATGGACGTCTGG	GGATACACCCTC............ACTGAATTATCC	---GATCAT---......------------	GCGAGAGTGGGGTACTATGGTTCGGGGAGTTATTATGCTCATTACTACTACTACTACGGTATGGACGTC	CAGGTCCAGCTGGTACAGTCTGGGGCT...GAGGTGAAGAAGCCTGGGGCCTCAGTGAAGGTCTCCTGCAAGGTTTCC	ATGCACTGGGTGCGACAGGCTCCTGGAAAAGGGCTTGAGTGGATGGGAGG-	#NAME?	TGGGGCCAAGGGACCACGGTCACCGTCTCCTCA	75	IGHV1-24*01
22169	SPENSER:89:000000000-A8P9T:A01:6:u581836:0	CCGGGTTCACACAACAGCCACATCCCTCCCCTACAGAAGCCCCCAGAGCGCAGCACCTCACCATGGACTGCACCTGGAGGATCCTCTTCTTGGTGGCAGCAGCTACAGGCACCCACGCCCAGGTCCAGCTGGTACAGTCTGGGGCTGAGGTGAAGAAGCCTGGGGCCTCAGTGAAGGTCTCCTGCAAGGTTTCCGGATACACCCTCACTGAATTATCCATGCACTGGGTGCGACAGGCTCCTGGAAACGGGCTTGAGTGGATGGGAGGTTTTGATCCTGAAGATGGCGAAACAATCTACGATCAGCCGACTAGGATTCCAGGGCAGGGTAACCGTGACCGAGGCAACACCTACGGCAACAGCCTACAGGGGTCTGGCCAGCCTGAGATCTGAGGACACTGCCGTGTATTACTGTGCAACAGGGAATCTATGGTTCGGGGATACCTATTCGAGCTGGTTCGACCCCTGGGGCCAGGGAACCCTGGTCACCGTCTCCTCAGGGAGTGCATCCGCCCCAACCCTTTTCCCCCTCGTCTCCTGTGAGAATTCCCCGGCGGATACGAGCAGCGTGGCCGTTGGCTGCCTCGCACAGACTTCCGAG	FALSE	TRUE	TRUE	IGHV1-24*01	IGHD3-10*01	IGHJ5*02	..............................GAGGTGAAGAAGCCTGGGGCCTCAGTGAAGGTCTCCTGCAAGGTTTCCGGATACACCCTC............ACTGAATTATCCATGCACTGGGTGCGACAGGCTCCTGGAAACGGGCTTGAGTGGATGGGAGGTTTTGATCCTGAA......GATGGCGAAACAATCTACGATCAGCCGTTCCAG...GGCAGGGTAACCGTGACCGAGGCAACACCTACGGCAACAGCCTACAGGGGTCTGGCCAGCCTGAGATCTGAGGACACTGCCGTGTATTACTGTGCAACAGGGAATCTATGGTTCGGGGATACCTATTCGAGCTGGTTCGACCCCTGGGGCCAGGGAACCCTGGTCACCGTCTCCTCAG	TGTGCAACAGGGAATCTATGGTTCGGGGATACCTATTCGAGCTGGTTCGACCCCTGG	GGATACACCCTC............ACTGAATTATCC	TTTGATCCTGAA......GATGGCGAAACA	GCAACAGGGAATCTATGGTTCGGGGATACCTATTCGAGCTGGTTCGACCCC	CAGGTCCAGCTGGTACAGTCTGGGGCT...GAGGTGAAGAAGCCTGGGGCCTCAGTGAAGGTCTCCTGCAAGGTTTCC	ATGCACTGGGTGCGACAGGCTCCTGGAAACGGGCTTGAGTGGATGGGAGGT	ATCTACGATCAGCCGTTCCAG...GGCAGGGTAACCGTGACCGAGGCAACACCTACGGCAACAGCCTACAGGGGTCTGGCCAGCCTGAGATCTGAGGACACTGCCGTGTATTACTGT	TGGGGCCAGGGAACCCTGGTCACCGTCTCCTCAG	57	IGHV1-24*01
22238	SPENSER:89:000000000-A8P9T:A01:6:u341934:0	GCTTATATACCGCACGGGGGACCATCACACAACAGCCACATCCCTCCCCTACAGAAGCCCCCAGAGCGCAGCACCTCACCATGGACTGCACCTGGAGGATCCTCTTCTTGGTGGCAGCAGCTACAGGCACCCACGCCCAGGTCCAGCTGGTACAGTCTGGGGCTGAGGTGAAGAAGCCTGGGGCCTCAGTGAAGGTCTCCTGCAAGGTTTCCGGATACACCCTCACTGAATTATCCATGCACTGGGTGCGACAGGCTCCTGGAAAAGGGCTTGAGTGGATGGGAGGTTTTGATCCTGAAGGCTGAGCGAATGTACAGGGCAGGGTTAACATGACCGGCGAAACATGGAAAGAAACAGGCTACATGGGGCTGAGAAGCCTGGGATGTGGGGAAAGGGGCGGGGATTACTGGGCGGGGGAGTTTTGCGGGGGTGGTAGCTGCTACAAGCACTACGGTATGGACGTCTGGGGCCAAGGGACCACGGTCACCGTCTCCTCAGGGAGTGCATCCGCCCCAACCCTTTTCCCCCTCGTCTCCTGTGAGAATTCCCCGTCGGATACGAGCAGCGTGGCCGTTGGCTGCCTCGCACAGGACTTCTTCC	FALSE	TRUE	TRUE	IGHV1-24*01	IGHD2-15*01	IGHJ6*02	..............................GAGGTGAAGAAGCCTGGGGCCTCAGTGAAGGTCTCCTGCAAGGTTTCCGGATACACCCTC............ACTGAATTATCCATGCACTGGGTGCGACAGGCTCCTGGAAAAGGGCTTGAGTGGATGGGAGGTTTTGATCCTGAA......G--GCTGAGCGAATGTA-------------CAG...GGCAGGGTTAACATGACCGGCGAAACATGGAAAGAAACAGGCTACATGGGGCTGAGAAGCCTGGGATGTGGGGAAAGGGGCGGGGATTACTGGGCGGGGGAGTTTTGCGGGGGTGGTAGCTGCTACAAGCACTACGGTATGGACGTCTGGGGCCAAGGGACCACGGTCACCGTCTCCTCA	TGGGCGGGGGAGTTTTGCGGGGGTGGTAGCTGCTACAAGCACTACGGTATGGACGTCTGG	GGATACACCCTC............ACTGAATTATCC	TTTGATCCTGAA......G--GCTGAGCGA	GCGGGGGAGTTTTGCGGGGGTGGTAGCTGCTACAAGCACTACGGTATGGACGTC	CAGGTCCAGCTGGTACAGTCTGGGGCT...GAGGTGAAGAAGCCTGGGGCCTCAGTGAAGGTCTCCTGCAAGGTTTCC	ATGCACTGGGTGCGACAGGCTCCTGGAAAAGGGCTTGAGTGGATGGGAGGT	ATGTA-------------CAG...GGCAGGGTTAACATGACCGGCGAAACATGGAAAGAAACAGGCTACATGGGGCTGAGAAGCCTGGGATGTGGGGAAAGGGGCGGGGATTACTGG	TGGGGCCAAGGGACCACGGTCACCGTCTCCTCA	60	IGHV1-24*01
22258	SPENSER:89:000000000-A8P9T:A01:6:u413682:0	GGTCTAGAATAGGGGGATCACACAACAGCCACATCCCTCCCCTACAGAAGCCCCCAGAGTGCAGCACCTCACCATGGACTGCACCTGGAGGATCCTCTTCTTGGTGGCAGCGGCTACAGGCACCCACGCCCAGGTCCAGCTGGTACAGTCTGGGGCTGAGGTGAAGAGGCCTGGGGCCTCAGTGAAGGTCTCCTGCAAGGTTTCCGGATACAACCTCACTGAATTATCCATGCACTGGGTGCGACAGGCTCCTGGAAAAGGGCTTGATTGGATGGGAGGTTTTGATCCTGAAGATGGTAAATTACGCAAGGAAGTTCCGGGGCGGAGTCACCTTGACCGGGGACACAACTACAGCAAAGGCTGACATGGAGCGTAGGTGCCTGAGATCTGACTACACGGCTGTGTATTACTGTGCGATAGCAGGACCCCGCTCTATGGTTCGGGGAGTTATTGAGCTTAGGTACTGGGGCCAGGGAACCCTGGTCACCGTCTCCTCAGGGAGTGCATCCGCCCCAACCCTTTTCCCCCTCGTCTCCTGTGAGAATTCCCCGTCGGATACGAGCAGCGTGGCCGTTGGCTGCCTCGCACAGGACTTCTGCT	FALSE	TRUE	TRUE	IGHV1-24*01	IGHD3-10*01	IGHJ4*02	..............................GAGGTGAAGAGGCCTGGGGCCTCAGTGAAGGTCTCCTGCAAGGTTTCCGGATACAACCTC............ACTGAATTATCCATGCACTGGGTGCGACAGGCTCCTGGAAAAGGGCTTGATTGGATGGGAGGTTTTGATCCTGAA......GATGGT-----AAATTACGCAAGGAAGTTCCGG...GGCGGAGTCACCTTGACCGGGGACACAACTACAGCAAAGGCTGACATGGAGCGTAGGTGCCTGAGATCTGACTACACGGCTGTGTATTACTGTGCGATAGCAGGACCCCGCTCTATGGTTCGGGGAGTTATTGAGCTTAGGTACTGGGGCCAGGGAACCCTGGTCACCGTCTCCTCAG	TGTGCGATAGCAGGACCCCGCTCTATGGTTCGGGGAGTTATTGAGCTTAGGTACTGG	GGATACAACCTC............ACTGAATTATCC	TTTGATCCTGAA......GATGGT-----A	GCGATAGCAGGACCCCGCTCTATGGTTCGGGGAGTTATTGAGCTTAGGTAC	CAGGTCCAGCTGGTACAGTCTGGGGCT...GAGGTGAAGAGGCCTGGGGCCTCAGTGAAGGTCTCCTGCAAGGTTTCC	ATGCACTGGGTGCGACAGGCTCCTGGAAAAGGGCTTGATTGGATGGGAGGT	AATTACGCAAGGAAGTTCCGG...GGCGGAGTCACCTTGACCGGGGACACAACTACAGCAAAGGCTGACATGGAGCGTAGGTGCCTGAGATCTGACTACACGGCTGTGTATTACTGT	TGGGGCCAGGGAACCCTGGTCACCGTCTCCTCAG	57	IGHV1-24*01
22271	SPENSER:89:000000000-A8P9T:A01:6:u551137:0	GGATCAAGACATGGGGGATCACACAACAGCCACATCCCTCCCCTACAGAAGCCCCCAGAGTGCAGCACCTCACCATGGACTGCACCTGGAGGATCCTCTTCTTGGTGGCAGCAGCTACAGGCACCCACGCCCAGGTCCAGCTGGTACAGTCTGGGGCTGAGGTGAAGAAGCCTGGGGCCTCAGTGAAGGTCTCCTGCAAGGTTTCCGGATACACCCTCACTGAATTATCCATGCACTGGGTGCGACAGGCTCCTGGAAACGGGCTTGAGTGGATGGGAGGTTTTGATCCTGAAGATGGTGCCGCCACAAGGTTCACGTGGCGGGTCCCCATGACCGAGGGCACCTCTACAGACCACGCCTACATGGAGCTTAGCAGCCTGAGATCTGAGGACACGGCCGTGTATTACTGTGCAACAGGAGACGTAGTACCAGCTGCTACGTACTACTACTACGGTATGGACGTCTGGGGCCAAGGGACCACGGTCACCGTCTCCTCAGGGAGTGCATCCGCCCCAACCCTTTTCCCCCTCGTCTCCTGTGAGAATTCCCCGTCGGATACGAGCAGCGTGGCCGTTGGCTGCCTCGCACAGGACTTCTTAT	TRUE	TRUE	FALSE	IGHV1-24*01	"IGHD2-2*01,IGHD2-2*02,IGHD2-2*03"	IGHJ6*02	..............................GAGGTGAAGAAGCCTGGGGCCTCAGTGAAGGTCTCCTGCAAGGTTTCCGGATACACCCTC............ACTGAATTATCCATGCACTGGGTGCGACAGGCTCCTGGAAACGGGCTTGAGTGGATGGGAGGTTTTGATCCTGAA......GATGGTG---------CCGCCACAAGGTTCACG...TGGCGGGTCCCCATGACCGAGGGCACCTCTACAGACCACGCCTACATGGAGCTTAGCAGCCTGAGATCTGAGGACACGGCCGTGTATTACTGTGCAACAGGAGACGTAGTACCAGCTGCTACGTACTACTACTACGGTATGGACGTCTGGGGCCAAGGGACCACGGTCACCGTCTCCTCA	TGTGCAACAGGAGACGTAGTACCAGCTGCTACGTACTACTACTACGGTATGGACGTCTGG	GGATACACCCTC............ACTGAATTATCC	TTTGATCCTGAA......GATGGTG-----	GCAACAGGAGACGTAGTACCAGCTGCTACGTACTACTACTACGGTATGGACGTC	CAGGTCCAGCTGGTACAGTCTGGGGCT...GAGGTGAAGAAGCCTGGGGCCTCAGTGAAGGTCTCCTGCAAGGTTTCC	ATGCACTGGGTGCGACAGGCTCCTGGAAACGGGCTTGAGTGGATGGGAGGT	#NAME?	TGGGGCCAAGGGACCACGGTCACCGTCTCCTCA	60	IGHV1-24*01
22392	SPENSER:89:000000000-A8P9T:A01:6:u127556:1	TGATCCAAAATGGGGATCACACAACAGCCACATCCCTCCCCTACAGAAGCCCCCAGAGTGCAGCACCTCACCATGGACTGCACCTGGAGGATCCTCTTCTTGGTGGCAGCAGCTACAGGCACCCACGCCCAGGTCCAGCTGGTACAGTCTGGGGCTGAGGTGAAGAAGCCTGGGGCCTCAGTGAAGGTCTCCTGCAAGGTTTCCGGATACACCCTCACTGAATTATCCATGCACTGGGTGCGACAGGATCCTGGAAAAGGGCTTGAGTGGATGGGAGGTTTTGATCCTGAAGATGGTAAACCTAAGCACATAAGTGCCATGCCATCGTAACCAGGACCGAGGAAAAAGCTACAGACACAGCCGACATGGAGCGGAGCAGCCTGAGATATGAGGACACGGCCGTGTATTACTGTGCAACAGATAGAGTGGATAGCAGCAGCTGGTACGGGTCCTGGTTCGACCCCTGGGGCCAGGGAACCCTGGTCACCGTCTCCTCAGGGAGTGCATCCGCCCCAACCCTTTTCCCCCTCGTCTCCTGTGAGAATTCCCCGTCGGATACGAGCAGCGTGGCCGTTGGCTGCCTCGCACAGGACTTCTACT	FALSE	TRUE	TRUE	IGHV1-24*01	IGHD6-13*01	IGHJ5*02	..............................GAGGTGAAGAAGCCTGGGGCCTCAGTGAAGGTCTCCTGCAAGGTTTCCGGATACACCCTC............ACTGAATTATCCATGCACTGGGTGCGACAGGATCCTGGAAAAGGGCTTGAGTGGATGGGAGGTTTTGATCCTGAA......GATGGT----AAACCTAAGCACATAAGTGCCAT...GCCATCGTAACCAGGACCGAGGAAAAAGCTACAGACACAGCCGACATGGAGCGGAGCAGCCTGAGATATGAGGACACGGCCGTGTATTACTGTGCAACAGATAGAGTGGATAGCAGCAGCTGGTACGGGTCCTGGTTCGACCCCTGGGGCCAGGGAACCCTGGTCACCGTCTCCTCAG	TGTGCAACAGATAGAGTGGATAGCAGCAGCTGGTACGGGTCCTGGTTCGACCCCTGG	GGATACACCCTC............ACTGAATTATCC	TTTGATCCTGAA......GATGGT----AA	GCAACAGATAGAGTGGATAGCAGCAGCTGGTACGGGTCCTGGTTCGACCCC	CAGGTCCAGCTGGTACAGTCTGGGGCT...GAGGTGAAGAAGCCTGGGGCCTCAGTGAAGGTCTCCTGCAAGGTTTCC	ATGCACTGGGTGCGACAGGATCCTGGAAAAGGGCTTGAGTGGATGGGAGGT	ACCTAAGCACATAAGTGCCAT...GCCATCGTAACCAGGACCGAGGAAAAAGCTACAGACACAGCCGACATGGAGCGGAGCAGCCTGAGATATGAGGACACGGCCGTGTATTACTGT	TGGGGCCAGGGAACCCTGGTCACCGTCTCCTCAG	57	IGHV1-24*01
22444	SPENSER:89:000000000-A8P9T:A01:6:u313338:0	TGAACAATTCATACAGGGGATCACACAACAGCCACATCCCTCCCCTACAGAAGCCCCCAGAGCGCAGCACCTCACCATGGACTGCACCTGGAGGATCCTCTTCTTGGTGGCAGCAGCTACAGGCACCCACGCCCAGGTCCAGCTGGTACAGTCTGGGGCTGAGGTGAAGAAGCCTGGGGCCTCAGTGAAGGTCTCCTGCAAGGTTTCCGGATACACCCTCACTGAATTATCCATGCACTGGGTGCGACAGGCTCCTGGAAAAGGGCTTGAGTGGATGGGAGGNTTTGNTCCTGAAGNNGGNNTTTNNNNNNNANNANNNGNAAANAATNNANNCANAGAANNTCCAGGGCAGNGNNANNANNACCGAGGACACATNTACNGNNACNGCCTACATGGAGCTGAGCAGCCTGAGANCTGAGGACACGGCCGTGTATTACTGTGCAATAGGTGACTACGTCGATATCTGGGGCCAAGGGACAATGGTCACCGTCTCCTCAGGGAGTGCATCCGCCCCAACCCTTTTCCCCCTCGTCTCCTGTGAGAATTCCCCGTCGGATACGAGCAGCGTGGCCGTTGGCTGCCTCGCACAGGACTTCACCC	FALSE	TRUE	TRUE	IGHV1-24*01	"IGHD4-17*01,IGHD4-17*01,IGHD4-23*01"	IGHJ3*02	..............................GAGGTGAAGAAGCCTGGGGCCTCAGTGAAGGTCTCCTGCAAGGTTTCCGGATACACCCTC............ACTGAATTATCCATGCACTGGGTGCGACAGGCTCCTGGAAAAGGGCTTGAGTGGATGGGAGGNTTTGNTCCTGAA......GNNGGGNAAANAATNNANNCANAGAANNTCCAG...GGCAGNGNNANNANNACCGAGGACACATNTACNGNNACNGCCTACATGGAGCTGAGCAGCCTGAGANCTGAGGACACGGCCGTGTATTACTGTGCAATAGGTGACTACGTCGATATCTGGGGCCAAGGGACAATGGTCACCGTCTCCTCAG	TGTGCAATAGGTGACTACGTCGATATCTGG	GGATACACCCTC............ACTGAATTATCC	TTTGNTCCTGAA......GNNGGGNAAANA	GCAATAGGTGACTACGTCGATATC	CAGGTCCAGCTGGTACAGTCTGGGGCT...GAGGTGAAGAAGCCTGGGGCCTCAGTGAAGGTCTCCTGCAAGGTTTCC	ATGCACTGGGTGCGACAGGCTCCTGGAAAAGGGCTTGAGTGGATGGGAGGN	ATNNANNCANAGAANNTCCAG...GGCAGNGNNANNANNACCGAGGACACATNTACNGNNACNGCCTACATGGAGCTGAGCAGCCTGAGANCTGAGGACACGGCCGTGTATTACTGT	TGGGGCCAAGGGACAATGGTCACCGTCTCCTCAG	30	IGHV1-24*01
22457	SPENSER:89:000000000-A8P9T:A01:6:u119954:0	TCAGCATTAACGAACGGGGGATCACACAACAGCCACATCCCTCCCCTACAGAAGCCCCCAGAGCGCAGCACCTCACCATGGACTGCACCTGGAGGATCCTCTTCTTGGTGGCAGCAGCTACAGGCACCCACGCCCAGGTCCAGCTGGTACAGTCTGGGGCTGAGGTGAAGAAGCCTGGGGCCTCAGTGAAGGTCTCCTGCAAGGTTTCCGGATACACCCTCACTGAATTATCCATGCACTGGGTGCGACAGGCTCCTGGAAAAGGGCTTGAGTGGATGGGAGGTTTTGATCCTGAAGATGNGNAGTTNCANGGGNNGNGTNACCATGANCGAGGNAACATCTACAGNNACAGCCTACATGGAGCTGAGCAGCCTGAGATCTGAGGACACGGCCGTGTATTACTGTGCAACAAAGGACTATGATAGTAGTGGTTACAATGGCGGACTGGTTAGGTACTTCGATCTCTGGGGCCGTGGCACCCTGGTCACTGTCTCCTCAGGGAGTGCATCCGCCCCAACCCTTTTCCCCCTCGTCTCCTGTGAGAATTCCCCGTCGGATACGAGCAGCGTGGCCGTTGGCTGCCTCGCACAGGACTTCCTAT	FALSE	TRUE	TRUE	IGHV1-24*01	IGHD3-22*01	IGHJ2*01	..............................GAGGTGAAGAAGCCTGGGGCCTCAGTGAAGGTCTCCTGCAAGGTTTCCGGATACACCCTC............ACTGAATTATCCATGCACTGGGTGCGACAGGCTCCTGGAAAAGGGCTTGAGTGGATGGGAGGTTTTGATCCTGAA......GATG------------------NGNAGTTNCAG...GGNNGNGTNACCATGANCGAGGNAACATCTACAGNNACAGCCTACATGGAGCTGAGCAGCCTGAGATCTGAGGACACGGCCGTGTATTACTGTGCAACAAAGGACTATGATAGTAGTGGTTACAATGGCGGACTGGTTAGGTACTTCGATCTCTGGGGCCGTGGCACCCTGGTCACTGTCTCCTCAG	TGTGCAACAAAGGACTATGATAGTAGTGGTTACAATGGCGGACTGGTTAGGTACTTCGATCTCTGG	GGATACACCCTC............ACTGAATTATCC	TTTGATCCTGAA......GATG--------	GCAACAAAGGACTATGATAGTAGTGGTTACAATGGCGGACTGGTTAGGTACTTCGATCTC	CAGGTCCAGCTGGTACAGTCTGGGGCT...GAGGTGAAGAAGCCTGGGGCCTCAGTGAAGGTCTCCTGCAAGGTTTCC	ATGCACTGGGTGCGACAGGCTCCTGGAAAAGGGCTTGAGTGGATGGGAGGT	#NAME?	TGGGGCCGTGGCACCCTGGTCACTGTCTCCTCAG	66	IGHV1-24*01
22471	SPENSER:89:000000000-A8P9T:A01:6:u268856:1	TATACATGATGGGAGGGGAGCATCACCCAGCAACCACATCTGTCCTCTAGAGAATCCCCTGAGAGCTCCGTTCCTCACCATGGACTGGACCTGGAGGATCCTCTTCTTGGTGGCAGCAGCCACAGGAGCCCACTCCCAGGTGCAGCTGGTGCAGTCTGGGGCTGAGGTGAAGAAGCCTGGGGCCTCAGTGAAGGTCTCCTGCAAGGTTTCCGGATACACCCTCACTGAATTATCCATGCACTGGGTGCGACAGGCTCCTGGAAAAGGGCTTGAGTGGATGGGAGGTTTTGATCCTGAAGATCTAGGCAAAGAAGTTCCAGGGCAGATGCAACATGACCGAGGACACATCTACAGACACAGCCTACATGGAGCTGAGCAGCCTGAGATCTTAGGACACGGCCGTGTATTACTGTGCAACAGTTACAGTGGGAGCTACTACTCCCTACTACTACGGTATGGACGTCTGGGGCCAAGGGACCACGGTCACCGTCTCCTCAGGGAGTGCATCCGCCCCAACCCTTTTCCCCCTCGTCTCCTGTGAGAATTCCCCGTCGGATACGAGCAGCGTGGCCGTTGGCTGCCTCGCACAGGACTTCGTTC	TRUE	TRUE	FALSE	IGHV1-24*01	IGHD1-26*01	IGHJ6*02	..............................GAGGTGAAGAAGCCTGGGGCCTCAGTGAAGGTCTCCTGCAAGGTTTCCGGATACACCCTC............ACTGAATTATCCATGCACTGGGTGCGACAGGCTCCTGGAAAAGGGCTTGAGTGGATGGGAGGTTTTGATCCTGAA......G-----------ATCTAGGCAAAGAAGTTCCAG...GGCAGATGCAACATGACCGAGGACACATCTACAGACACAGCCTACATGGAGCTGAGCAGCCTGAGATCTTAGGACACGGCCGTGTATTACTGTGCAACAGTTACAGTGGGAGCTACTACTCCCTACTACTACGGTATGGACGTCTGGGGCCAAGGGACCACGGTCACCGTCTCCTCA	TGTGCAACAGTTACAGTGGGAGCTACTACTCCCTACTACTACGGTATGGACGTCTGG	GGATACACCCTC............ACTGAATTATCC	TTTGATCCTGAA......G-----------	GCAACAGTTACAGTGGGAGCTACTACTCCCTACTACTACGGTATGGACGTC	CAGGTGCAGCTGGTGCAGTCTGGGGCT...GAGGTGAAGAAGCCTGGGGCCTCAGTGAAGGTCTCCTGCAAGGTTTCC	ATGCACTGGGTGCGACAGGCTCCTGGAAAAGGGCTTGAGTGGATGGGAGGT	ATCTAGGCAAAGAAGTTCCAG...GGCAGATGCAACATGACCGAGGACACATCTACAGACACAGCCTACATGGAGCTGAGCAGCCTGAGATCTTAGGACACGGCCGTGTATTACTGT	TGGGGCCAAGGGACCACGGTCACCGTCTCCTCA	57	IGHV1-24*01
22479	SPENSER:89:000000000-A8P9T:A01:6:u362399:1	AAAATACTGGATCCAGGGGGATCACACAACAGCCACATCCCTCCCCTACAGAAGCCCCCAGAGTGCAGCACCTCACCATGGACTGCACCTGGAGGATCCTCTTCTTGGTGGCAGCAGCTACAGGCACCCACGCCCAGGTCCAGCTGGTACAGTCTGGGGCTGAGGTGAAGAAGCCTGGGGCCTCAGTGAAGGTCTCCTGCAAGGTTTCCGGATACACCCTCACTGAATTATCCATGCACTGGGTGCGACAGGCTCCTGGAAAAGGGCTTGAGTGGATGGGATGGATCAGCGCTTAACAGGCAACCTCCCCCCCGCAGGTCCGGGCCGGGGCCCCCTGGACCCCCGCCCCCTCACCGGGCCCGGCTTCCATGGGCCTGGGGACCCTTAGATCTGACGACACGGCCGTGTATTACTGTGCGAGTAGTTCCGCCTATGGTTCGGGGAGTTATCAACCTGTTGACTACTGGGGCCAGGGAACCCTGGTCACCGTCTCCTCAGGGAGTGCATCCGCCCCAACCCTTTTCCCCCTCGTCTCCTGTGAGAATTCCCCGTCGGATACGAGCAGCGTGGCCGTTGGCTGCCTCGCACAGGACTTCGCAT	FALSE	TRUE	TRUE	IGHV1-24*01	IGHD3-10*01	IGHJ4*02	..............................GAGGTGAAGAAGCCTGGGGCCTCAGTGAAGGTCTCCTGCAAGGTTTCCGGATACACCCTC............ACTGAATTATCCATGCACTGGGTGCGACAGGCTCCTGGAAAAGGGCTTGAGTGGATGGGATGGATCAGCGCTTAA......CAGG------CAACCTCCCCCCCGCAGGTCCGG...GCCGGGGCCCCCTGGACCCCCGCCCCCTCACCGGGCCCGGCTTCCATGGGCCTGGGGACCCTTAGATCTGACGACACGGCCGTGTATTACTGTGCGAGTAGTTCCGCCTATGGTTCGGGGAGTTATCAACCTGTTGACTACTGGGGCCAGGGAACCCTGGTCACCGTCTCCTCAG	TGTGCGAGTAGTTCCGCCTATGGTTCGGGGAGTTATCAACCTGTTGACTACTGG	GGATACACCCTC............ACTGAATTATCC	ATCAGCGCTTAA......CAGG------CA	GCGAGTAGTTCCGCCTATGGTTCGGGGAGTTATCAACCTGTTGACTAC	CAGGTCCAGCTGGTACAGTCTGGGGCT...GAGGTGAAGAAGCCTGGGGCCTCAGTGAAGGTCTCCTGCAAGGTTTCC	ATGCACTGGGTGCGACAGGCTCCTGGAAAAGGGCTTGAGTGGATGGGATGG	ACCTCCCCCCCGCAGGTCCGG...GCCGGGGCCCCCTGGACCCCCGCCCCCTCACCGGGCCCGGCTTCCATGGGCCTGGGGACCCTTAGATCTGACGACACGGCCGTGTATTACTGT	TGGGGCCAGGGAACCCTGGTCACCGTCTCCTCAG	54	IGHV1-24*01
22514	SPENSER:89:000000000-A8P9T:A01:6:u190668:0	CTACCAGGACATAGAGGGGGATCACACAACAGCCACATCCCTCCCCTACAGAAGCCCCCAGAGTGCAGCACCTCACCATGGACTGCACCTGGAGGATCCTCTTCTTGGTGGCAGCAGCTACAGGCACCCACGCCCAGGTCCAGCTGGTACAGTCTGGGGCTGAGGTGAAGAAGCCTGGGGCCTCAGTGGAGGTCTCCTGCAAGGTTTCCGGATACACCCTCACTGAATTATCCATGCACTGGGTGCGACAGGCTCCTGGAAAAGGGCTTGAGTGGATGGGAGGTTTTGATCCTGAAGATGNNGGNNNAANNNNNNNNGNANNGAAGNTNCAGGGNNGNGTNACCATGACCAGGGANANATNNANANNCACNGCCTACATGGNGCNGAGCAGCCTGAGATCTGAGGACACGGCCGTGTATTACTGTGCAACAGATCCNCNNNAACNACGGTNCGGGGCCAATTANGACTACTGGGGCCAGGGAACCCTGGTCACCGTCTCCTCAGGGAGTGCATCCGCCCCAACCCTTTTCCCCCTCGTCTCCTGTGAGAATTCCCCGTCGGATACGAGCAGCGTGGCCGTTGGCTGCCTCGCACAGGACTTCNTNG	TRUE	TRUE	FALSE	IGHV1-24*01	IGHD3-10*01	IGHJ4*02	..............................GAGGTGAAGAAGCCTGGGGCCTCAGTGGAGGTCTCCTGCAAGGTTTCCGGATACACCCTC............ACTGAATTATCCATGCACTGGGTGCGACAGGCTCCTGGAAAAGGGCTTGAGTGGATGGGAGGTTTTGATCCTGAA......GATGGNNNAANNNNNNNNGNANNGAAGNTNCAG...GGNNGNGTNACCATGACCAGGGANANATNNANANNCACNGCCTACATGGNGCNGAGCAGCCTGAGATCTGAGGACACGGCCGTGTATTACTGTGCAACAGATCCNCNNNAACNACGGTNCGGGGCCAATTANGACTACTGGGGCCAGGGAACCCTGGTCACCGTCTCCTCAG	TGTGCAACAGATCCNCNNNAACNACGGTNCGGGGCCAATTANGACTACTGG	GGATACACCCTC............ACTGAATTATCC	TTTGATCCTGAA......GATGGNNNAANN	GCAACAGATCCNCNNNAACNACGGTNCGGGGCCAATTANGACTAC	CAGGTCCAGCTGGTACAGTCTGGGGCT...GAGGTGAAGAAGCCTGGGGCCTCAGTGGAGGTCTCCTGCAAGGTTTCC	ATGCACTGGGTGCGACAGGCTCCTGGAAAAGGGCTTGAGTGGATGGGAGGT	NNNNNNGNANNGAAGNTNCAG...GGNNGNGTNACCATGACCAGGGANANATNNANANNCACNGCCTACATGGNGCNGAGCAGCCTGAGATCTGAGGACACGGCCGTGTATTACTGT	TGGGGCCAGGGAACCCTGGTCACCGTCTCCTCAG	51	IGHV1-24*01
22541	SPENSER:89:000000000-A8P9T:A01:6:u292357:2	TAATCCAATGGGGAGGGAGCGTCACCCAGCAACCACATCTGTCCTCTAGAGAATCCCCTGAGAGCTCCGTTCCTCACCATGGACTGGACCTGGAGGATCCTCTTCTTGGTGGCAGCAGCTACAGGCACCCACGCCCAGGTCCAGCTGGTACAGTCTGGGGCTGAGGTGAAGAAGCCTGGGGCCTCAGTGAAGGTCTCCTGCAAGGTTTCCGGATACACCCTCACTGAATTATCCATGCACTGGGTGCGACAGGCTCCTGGAAAAGGGCTTGAGTGGATGGGAGGTTTTGATCCTGAAGATGTGAAAATTGTGAAACAATGTACGCAAAGAAGTTCCAGGGCAGAGTCACCATGACCGGGTAAACATCTACAGACACAGCCGACATGTAGCTGAGCAGCCTGAGATCTGAGGACACGGCCGTGTATTACTGTGCAACAGAACCGTATGACTACAGTAACTTCTACTGGGGCCAGGGAACCCTGGTCACCGTCTCCTCAGGGAGTGCATCCGCCCCAACCCTTTTCCCCCTCGTCTCCTGTGAGAATTCCCCGTCGGATACGAGCAGCGTGGCCGTTGGCTGCCTCGCACAGGACTTCGTTC	FALSE	TRUE	TRUE	IGHV1-24*01	"IGHD4-11*01,IGHD4-4*01"	IGHJ4*02	..............................GAGGTGAAGAAGCCTGGGGCCTCAGTGAAGGTCTCCTGCAAGGTTTCCGGATACACCCTC............ACTGAATTATCCATGCACTGGGTGCGACAGGCTCCTGGAAAAGGGCTTGAGTGGATGGGAGGTTTTGATCCTGAA......GATGGTGAAACAATGTACGCAAAGAAGTTCCAG...GGCAGAGTCACCATGACCGGGTAAACATCTACAGACACAGCCGACATGTAGCTGAGCAGCCTGAGATCTGAGGACACGGCCGTGTATTACTGTGCAACAGAACCGTATGACTACAGTAACTTCTACTGGGGCCAGGGAACCCTGGTCACCGTCTCCTCAG	TGTGCAACAGAACCGTATGACTACAGTAACTTCTACTGG	GGATACACCCTC............ACTGAATTATCC	TTTGATCCTGAA......GATGGTGAAACA	GCAACAGAACCGTATGACTACAGTAACTTCTAC	CAGGTCCAGCTGGTACAGTCTGGGGCT...GAGGTGAAGAAGCCTGGGGCCTCAGTGAAGGTCTCCTGCAAGGTTTCC	ATGCACTGGGTGCGACAGGCTCCTGGAAAAGGGCTTGAGTGGATGGGAGGT	ATGTACGCAAAGAAGTTCCAG...GGCAGAGTCACCATGACCGGGTAAACATCTACAGACACAGCCGACATGTAGCTGAGCAGCCTGAGATCTGAGGACACGGCCGTGTATTACTGT	TGGGGCCAGGGAACCCTGGTCACCGTCTCCTCAG	39	IGHV1-24*01
22649	SPENSER:89:000000000-A8P9T:A01:6:u151153:0	AATAAGCTTCTCCGCGGGGGATCACACAACAGCCACATCCCTCCCCTACAGAAGCCCCCAGAGCGCAGCACCTCACCATGGACTGCACCTGGAGGATCCTCTTCTTGGTGGCAGCAGCTACAGGCACCCACGCCCAGGTCCAGCTGGTACAGTCTGGGGCTGAGGTGAAGAAGCCTGGGGCCTCAGTGAAGGTCTCCTGCAAGGTTTCCGGATACACCCTCACTGAATTATCCATGCACTGGGTGCGACAGGCTCCTGGAAAAGGGCTTGAGGGGATGGGAGGTTTTGATCCTGAAGATGGTTAAAAAATACGCGCACAGAAGTTCCCGGGCAGAGTCACCATGACCGAGGTACCATCTAAAGACAGAGCCTACATGGAGGTGAGCAGCCTGAGATCTGAGGACACGGCCGTGTATTACTGTGCAACAGATAGTAAACGGGAGCTACTCTATGCTTTTGATATCTGGGGCCAAGGGACAATGGTCACCGTCTCTTCAGGGAGTGCATCCGCCCCAACCCTTTTCCCCCTCGTCTCCTGTGAGAATTCCCCGTCGGATACGAGCAGCGTGGCCGTTGGCTGCCTCGCACAGGACTTCCTGT	FALSE	TRUE	TRUE	IGHV1-24*01	IGHD1-26*01	IGHJ3*02	..............................GAGGTGAAGAAGCCTGGGGCCTCAGTGAAGGTCTCCTGCAAGGTTTCCGGATACACCCTC............ACTGAATTATCCATGCACTGGGTGCGACAGGCTCCTGGAAAAGGGCTTGAGGGGATGGGAGGTTTTGATCCTGAA......GATGGTTAAAAAATACGCGCACAGAAGTTCCCG...GGCAGAGTCACCATGACCGAGGTACCATCTAAAGACAGAGCCTACATGGAGGTGAGCAGCCTGAGATCTGAGGACACGGCCGTGTATTACTGTGCAACAGATAGTAAACGGGAGCTACTCTATGCTTTTGATATCTGGGGCCAAGGGACAATGGTCACCGTCTCTTCAG	TGTGCAACAGATAGTAAACGGGAGCTACTCTATGCTTTTGATATCTGG	GGATACACCCTC............ACTGAATTATCC	TTTGATCCTGAA......GATGGTTAAAAA	GCAACAGATAGTAAACGGGAGCTACTCTATGCTTTTGATATC	CAGGTCCAGCTGGTACAGTCTGGGGCT...GAGGTGAAGAAGCCTGGGGCCTCAGTGAAGGTCTCCTGCAAGGTTTCC	ATGCACTGGGTGCGACAGGCTCCTGGAAAAGGGCTTGAGGGGATGGGAGGT	ATACGCGCACAGAAGTTCCCG...GGCAGAGTCACCATGACCGAGGTACCATCTAAAGACAGAGCCTACATGGAGGTGAGCAGCCTGAGATCTGAGGACACGGCCGTGTATTACTGT	TGGGGCCAAGGGACAATGGTCACCGTCTCTTCAG	48	IGHV1-24*01
22907	SPENSER:89:000000000-A8P9T:A01:6:u30802:0	TGTTTCGTCTCCGCGGGATCACACAACAGCCACATCCCTCCCCTACAGAAGCCCCCAGAGTGCAGCACCTCACCATGGACTGCACCTGGAGGATCCTCTTCTTGGTGGCAGCAGCTACAGGCACCCACGCCCAGGTCCAGCTGGTACAGTCTGGGGCTGAGGTGAAGAAGCCTGGGGCCTCAGTGAAGGTCTCCTGCAAGGTTTCCGGATACACCCTCACTGAATTATCCATGCACTGGGTGCGACAGGCTCCTGGAAAAGGGCTTGAGTGGATGGGAGGTTTNGNTNCTGAAGATGNTNNNGNNNNAANAANNNNNNNNNNGAAGTNCCNGGGNNGAGNNNCNNNGNNNGNGGANANNNNTANNGACACAGCCNANATGGNGCNGNGCAGCCTGAGATCTGNGGANACGGCCGTGTATTACTGTGNAACAGATCCTATTCGTGGGAGCTACCAATTTGACTACTGGGGCCAGGGAACCCTGGTCACCGTCTCCTCAGGGAGTGCATCCGCCCCAACCCTTTTCCCCCTCGTCTCCTGTGAGAATTCCCCGTCGGATACGAGCAGCGTGGCCGTTGGCTGCCTCGCACAGGACTTCAANA	TRUE	TRUE	FALSE	IGHV1-24*01	IGHD1-26*01	IGHJ4*02	..............................GAGGTGAAGAAGCCTGGGGCCTCAGTGAAGGTCTCCTGCAAGGTTTCCGGATACACCCTC............ACTGAATTATCCATGCACTGGGTGCGACAGGCTCCTGGAAAAGGGCTTGAGTGGATGGGAGGTTTNGNTNCTGAA......GATGNTNNAANAANNNNNNNNNNGAAGTNCCNG...GGNNGAGNNNCNNNGNNNGNGGANANNNNTANNGACACAGCCNANATGGNGCNGNGCAGCCTGAGATCTGNGGANACGGCCGTGTATTACTGTGNAACAGATCCTATTCGTGGGAGCTACCAATTTGACTACTGGGGCCAGGGAACCCTGGTCACCGTCTCCTCAG	TGTGNAACAGATCCTATTCGTGGGAGCTACCAATTTGACTACTGG	GGATACACCCTC............ACTGAATTATCC	TTNGNTNCTGAA......GATGNTNNAANA	GNAACAGATCCTATTCGTGGGAGCTACCAATTTGACTAC	CAGGTCCAGCTGGTACAGTCTGGGGCT...GAGGTGAAGAAGCCTGGGGCCTCAGTGAAGGTCTCCTGCAAGGTTTCC	ATGCACTGGGTGCGACAGGCTCCTGGAAAAGGGCTTGAGTGGATGGGAGGT	ANNNNNNNNNNGAAGTNCCNG...GGNNGAGNNNCNNNGNNNGNGGANANNNNTANNGACACAGCCNANATGGNGCNGNGCAGCCTGAGATCTGNGGANACGGCCGTGTATTACTGT	TGGGGCCAGGGAACCCTGGTCACCGTCTCCTCAG	45	IGHV1-24*01
20936	SPENSER:89:000000000-A8P9T:A01:6:u265122:0	GCTTGACATTCACTAGGGGGCTTTCTGAGAGTCATGGACCTCCTGCACAAGAACATGAAACACCTGTGGTTCTTCCTCCTCCTGGTGGCAGCTCCCAGATGGGTCCTGTCCCAGGTGCAGCTACAGCAGTGGGGCGCAGGACTGTTGAAGCCTTCGGAGACCCTGTCCCTCACCTGCGCTGTCTATGGTGGGTCCTTCAGTGGTTACTACTGGAGCTGGATCCGCCAGCCCCCAGGGAAGGGGCTGGAGTGGATTGGGTATATCTATTACAGTGGGAGCACCAACTACAACCCCTCCCTCAGGATCGGGGTACCCATATCAGTGGACACTGCCAAGAACCAGTTCTCCCTGAAGCTGGGCGCTGTGACCGCTGCGGAAACGGCCGTGTATTACTGGGCGAGACAGAGCAGCTCCTTCGACTACTACTACTACTACATGGACGGCTGGGGCAAAGGGACCACGGTCACCGTCTCCTCAGGGAGTGCATCCGCCCCAACCCTTTTCCCCCTCGTCTCCTGTGAGAATTCCCCGTCGGATACGAGCAGCGTGGCCGTTGGCTGCCTCGCACAGGACTTCGTAT	TRUE	TRUE	FALSE	IGHV4-34*11	IGHD6-6*01	IGHJ6*03	..............................GGACTGTTGAAGCCTTCGGAGACCCTGTCCCTCACCTGCGCTGTCTATGGTGGGTCCTTC............AGTGGTTACTACTGGAGCTGGATCCGCCAGCCCCCAGGGAAGGGGCTGGAGTGGATTGGGTATATCTATTACAGT.........GGGAGCACCAACTACAACCCCTCCCTCAGG...ATCGGGGTACCCATATCAGTGGACACTGCCAAGAACCAGTTCTCCCTGAAGCTGGGCGCTGTGACCGCTGCGGAAACGGCCGTGTATTACTGGGCGAGACAGAGCAGCTCCTTCGACTACTACTACTACTACATGGACGGCTGGGGCAAAGGGACCACGGTCACCGTCTCCTCA	TGGGCGAGACAGAGCAGCTCCTTCGACTACTACTACTACTACATGGACGGCTGG	GGTGGGTCCTTC............AGTGGTTACTAC	ATCTATTACAGT.........GGGAGCACC	GCGAGACAGAGCAGCTCCTTCGACTACTACTACTACTACATGGACGGC	CAGGTGCAGCTACAGCAGTGGGGCGCA...GGACTGTTGAAGCCTTCGGAGACCCTGTCCCTCACCTGCGCTGTCTAT	TGGAGCTGGATCCGCCAGCCCCCAGGGAAGGGGCTGGAGTGGATTGGGTAT	AACTACAACCCCTCCCTCAGG...ATCGGGGTACCCATATCAGTGGACACTGCCAAGAACCAGTTCTCCCTGAAGCTGGGCGCTGTGACCGCTGCGGAAACGGCCGTGTATTACTGG	TGGGGCAAAGGGACCACGGTCACCGTCTCCTCA	54	IGHV4-34*01_T300C
20966	SPENSER:89:000000000-A8P9T:A01:6:u267166:0	TAGTCTAACGTCGTGGGATGGGAAGTGCTTTCTGAGAGTCATGGACCTCCTGCACAAGAACATGAAACACCTGTGGTTCTTCCTCCTCCTGGTGGCAGCTCCCAGATGGGTCCTGTCCCAGGTGCAGCTACAGCAGTGGGGCGCAGGACTGTTGAAGCCTTCGGAGACCCTGTCCCTCACCTGCGCTGTCTATGGTGGGTCCTTCAGTGGTTACTACTGGAGCTGGATCCGCCAGCCCCCAGGGAAGGGGCTGGAGTGGATTGGGGAAATCAATCATAGTGGAAGCACCAACTACAATCCGTCCCTGACGAGGTCAGTCACCAAATCAGTAGACACGTCCAAGAACCAGTTCTCCCTGAAGCTGAGCTCTGTGACCGCTGCGGACACGGCCGTGTATTACTGTGCGAGAGTTGGGCCGTATAGCAGTGAGATGGACGTCTGGGGCCAAGGGACCACGGTCACCGTCTCCTCAGGGAGTGCATCCGCCCCAACCCTTTTCCCCCTCGTCTCCTGTGAGAATTCCCCGTCGGATACGAGCAGCGTGGCCGTTGGCTGCCTCGCACAGGACTTCTCCA	TRUE	TRUE	FALSE	IGHV4-34*01	IGHD6-19*01	IGHJ6*02	..............................GGACTGTTGAAGCCTTCGGAGACCCTGTCCCTCACCTGCGCTGTCTATGGTGGGTCCTTC............AGTGGTTACTACTGGAGCTGGATCCGCCAGCCCCCAGGGAAGGGGCTGGAGTGGATTGGGGAAATCAATCATAGT.........GGAAGCACCAACTACAATCCGTCCCTGACG...AGGTCAGTCACCAAATCAGTAGACACGTCCAAGAACCAGTTCTCCCTGAAGCTGAGCTCTGTGACCGCTGCGGACACGGCCGTGTATTACTGTGCGAGAGTTGGGCCGTATAGCAGTGAGATGGACGTCTGGGGCCAAGGGACCACGGTCACCGTCTCCTCA	TGTGCGAGAGTTGGGCCGTATAGCAGTGAGATGGACGTCTGG	GGTGGGTCCTTC............AGTGGTTACTAC	ATCAATCATAGT.........GGAAGCACC	GCGAGAGTTGGGCCGTATAGCAGTGAGATGGACGTC	CAGGTGCAGCTACAGCAGTGGGGCGCA...GGACTGTTGAAGCCTTCGGAGACCCTGTCCCTCACCTGCGCTGTCTAT	TGGAGCTGGATCCGCCAGCCCCCAGGGAAGGGGCTGGAGTGGATTGGGGAA	AACTACAATCCGTCCCTGACG...AGGTCAGTCACCAAATCAGTAGACACGTCCAAGAACCAGTTCTCCCTGAAGCTGAGCTCTGTGACCGCTGCGGACACGGCCGTGTATTACTGT	TGGGGCCAAGGGACCACGGTCACCGTCTCCTCA	42	IGHV4-34*01_T300C
20991	SPENSER:89:000000000-A8P9T:A01:6:u240781:2	TTACTAGGATGACCCGGGGGGCTTTCTGAGAGTCATGGACCTCCTGCACAAGAACATGAAACACCTGTGGTTCTTCCTCCTCCTGGTGGCAGCTCCCAGATGGGTCCTGTCCCAGGTGCAGCTACAGCAGTGGGGCGCAGGACTGTTGAAGCCTTCGGAGACCCTGTCCCTCACCTGCGCTGTCTATGGTGGGTCCTTCAGTGGTTACTACTGGAGCTGGATCCGCCAGCCCCCAGGGAAGGGGCTGGAGTGGATTGGGGAAATCAATCATAGTGGAAGCACCAACTACAACCCGTCCCTCAAGAGTCGAGTCACCTGTTCAGTAGCCACGTCCAAGAACCAGTTCTCCCTGAAGCTGAGCGCTGTGACCGCCGCAGACACGGCCGTGTATTACTGTGGGGGTCCCTATTCGAGTTATTACGGACTCTCTGACTACTGGGGCCAGGGAACCCTGGTCACCGTCTCCTCAGGGAGTGCATCCGCCCCAACCCTTTTCCCCCTCGTCTCCTGTGAGAATTCCCCGTCGGATACGAGCAGCGTGGCCGTTGGCTGCCTCGCACAGGACTTCTTAG	TRUE	TRUE	FALSE	IGHV4-34*01	"IGHD3-10*01,IGHD3-10*02"	IGHJ4*02	..............................GGACTGTTGAAGCCTTCGGAGACCCTGTCCCTCACCTGCGCTGTCTATGGTGGGTCCTTC............AGTGGTTACTACTGGAGCTGGATCCGCCAGCCCCCAGGGAAGGGGCTGGAGTGGATTGGGGAAATCAATCATAGT.........GGAAGCACCAACTACAACCCGTCCCTCAAG...AGTCGAGTCACCTGTTCAGTAGCCACGTCCAAGAACCAGTTCTCCCTGAAGCTGAGCGCTGTGACCGCCGCAGACACGGCCGTGTATTACTGTGGGGGTCCCTATTCGAGTTATTACGGACTCTCTGACTACTGGGGCCAGGGAACCCTGGTCACCGTCTCCTCAG	TGTGGGGGTCCCTATTCGAGTTATTACGGACTCTCTGACTACTGG	GGTGGGTCCTTC............AGTGGTTACTAC	ATCAATCATAGT.........GGAAGCACC	GGGGGTCCCTATTCGAGTTATTACGGACTCTCTGACTAC	CAGGTGCAGCTACAGCAGTGGGGCGCA...GGACTGTTGAAGCCTTCGGAGACCCTGTCCCTCACCTGCGCTGTCTAT	TGGAGCTGGATCCGCCAGCCCCCAGGGAAGGGGCTGGAGTGGATTGGGGAA	AACTACAACCCGTCCCTCAAG...AGTCGAGTCACCTGTTCAGTAGCCACGTCCAAGAACCAGTTCTCCCTGAAGCTGAGCGCTGTGACCGCCGCAGACACGGCCGTGTATTACTGT	TGGGGCCAGGGAACCCTGGTCACCGTCTCCTCAG	45	IGHV4-34*01_T300C
21006	SPENSER:89:000000000-A8P9T:A01:6:u100965:0	AAACGCTTGAAGCGAGGGGACATGGGAAGTGCTTTCTGAGAGTCATGGACCTCCTGCACAAGAACATGAAACACCTGTGGTTCTTCCTCCTCCTGGTGGCAGCTCCCAGATGGGTCCTGTCCCAGGTGCAGCTACAGCAGTGGGGCGCAGGACTGTTGAAGCCTTCGGAGACCCTGTCCCTCACCTGCGCTGTCTATGGTGGGTCCTTCAGTGGTTACTACTGGAGCTGGATCCGCCAGCCCCCAGGGAAGGGGCTGGAGTGGATTGGGGAAATCAATCATAGTGGAAGCACCAACTACACAACCACGTACCTAAGGTGTCGATGAACCAGAACAGTGGGAACGTTGAAGAACCAGTTCTCCCTGAAGCTGAGGTCTGGGAATGGCGCGGAAACGGCCGTGGATTACTGTGCGAGAGATGCAAACTCGGGATATTGTAGTGGTGGTAGCTGCTTCTCCCCGTGGGGCCAGGGCACCCTGGTCACCGTCTCCTCAGGGGGTGCATCCGCCCCAACCCTTTTCCCCCTCGTCTCCTGTGAGAATTCCCCGTCGGATACGAGCAGCGTGGCCGTTGGCTGCCTCGCACAGGACTTCCAAA	FALSE	TRUE	TRUE	IGHV4-34*01	IGHD2-15*01	IGHJ1*01	..............................GGACTGTTGAAGCCTTCGGAGACCCTGTCCCTCACCTGCGCTGTCTATGGTGGGTCCTTC............AGTGGTTACTACTGGAGCTGGATCCGCCAGCCCCCAGGGAAGGGGCTGGAGTGGATTGGGGAAATCAATCATAGT.........GGAAGCACCAACTACACCACGTACCTAAGG...TGTCGATGAACCAGAACAGTGGGAACGTTGAAGAACCAGTTCTCCCTGAAGCTGAGGTCTGGGAATGGCGCGGAAACGGCCGTGGATTACTGTGCGAGAGATGCAAACTCGGGATATTGTAGTGGTGGTAGCTGCTTCTCCCCGTGGGGCCAGGGCACCCTGGTCACCGTCTCCTCAG	TGTGCGAGAGATGCAAACTCGGGATATTGTAGTGGTGGTAGCTGCTTCTCCCCGTGG	GGTGGGTCCTTC............AGTGGTTACTAC	ATCAATCATAGT.........GGAAGCACC	GCGAGAGATGCAAACTCGGGATATTGTAGTGGTGGTAGCTGCTTCTCCCCG	CAGGTGCAGCTACAGCAGTGGGGCGCA...GGACTGTTGAAGCCTTCGGAGACCCTGTCCCTCACCTGCGCTGTCTAT	TGGAGCTGGATCCGCCAGCCCCCAGGGAAGGGGCTGGAGTGGATTGGGGAA	AACTACACCACGTACCTAAGG...TGTCGATGAACCAGAACAGTGGGAACGTTGAAGAACCAGTTCTCCCTGAAGCTGAGGTCTGGGAATGGCGCGGAAACGGCCGTGGATTACTGT	TGGGGCCAGGGCACCCTGGTCACCGTCTCCTCAG	57	IGHV4-34*01_T300C
21069	SPENSER:89:000000000-A8P9T:A01:6:u437459:1	GATGCAGGTGTTATCGGGGGAGCTCACATGGGAAGTGCTTTCTGAGAGTCATGGACCTCCTGCACAAGAACATGAAACACCTGTGGTTCTTCCTCCTCCTGGTGGCAGCTCCCAGATGGGTCCTGTCCCAGGTGCAGCTACAGCAGTGGGGCGCAGGACTGTTGAAGCCTTCGGAGACCCTGTCCCTCACCTGCGCTGTCTATGGTGGGTCCTTCAGTGGTTACTACTGGAGCTGGATCCGCCAGCCCCCAGGGAAGGGACTGGAGTGGATTGGGTATATATATTACAGTGGGAGCACCCCTCCCCTCAAGGTTGGGGTCACCATATCAGTAGACACGTCCAAGAACCAGTTCTCCCTGAAGCCGAGCTCTGTGACCGCTGCGGAAACGGCCGTGTAGTACGGTGCGAGAGAGAGATGGGGCTCGGAGCAGCAGCTGGTCAGGCTGTACTACATGGACGTCTGGGGCAAAGGGACCACGGTCACCGTCTCCTCAGGGAGTGCATCCGCCCCAACCCTTTTCCCCCTCGTCTCCTGTGAGAATTCCCCGTCGGATACGAGCAGCGTGGCCGTTGGCTGCCTCGCACAGGACTTCACAC	FALSE	TRUE	TRUE	IGHV4-34*11	IGHD6-13*01	IGHJ6*03	..............................GGACTGTTGAAGCCTTCGGAGACCCTGTCCCTCACCTGCGCTGTCTATGGTGGGTCCTTC............AGTGGTTACTACTGGAGCTGGATCCGCCAGCCCCCAGGGAAGGGACTGGAGTGGATTGGGTATATATATTACAGT.........GGGAGCAC---------CCCTCCCCTCAAG...GTTGGGGTCACCATATCAGTAGACACGTCCAAGAACCAGTTCTCCCTGAAGCCGAGCTCTGTGACCGCTGCGGAAACGGCCGTGTAGTACGGTGCGAGAGAGAGATGGGGCTCGGAGCAGCAGCTGGTCAGGCTGTACTACATGGACGTCTGGGGCAAAGGGACCACGGTCACCGTCTCCTCA	GGTGCGAGAGAGAGATGGGGCTCGGAGCAGCAGCTGGTCAGGCTGTACTACATGGACGTCTGG	GGTGGGTCCTTC............AGTGGTTACTAC	ATATATTACAGT.........GGGAGCAC-	GCGAGAGAGAGATGGGGCTCGGAGCAGCAGCTGGTCAGGCTGTACTACATGGACGTC	CAGGTGCAGCTACAGCAGTGGGGCGCA...GGACTGTTGAAGCCTTCGGAGACCCTGTCCCTCACCTGCGCTGTCTAT	TGGAGCTGGATCCGCCAGCCCCCAGGGAAGGGACTGGAGTGGATTGGGTAT	#NAME?	TGGGGCAAAGGGACCACGGTCACCGTCTCCTCA	63	IGHV4-34*01_T300C
21104	SPENSER:89:000000000-A8P9T:A01:6:u357440:0	GTATGGCATTCCGGGGAGTGCTTTCTGAGAGTCATGGACCTCCTGCACAAGAACATGAAACACCTGTGGTTCTTCCTCCTCCTGGTGGCAGCTCCCAGATGGGTCCTGTCCCAGGTGCAGCTACAGCAGTGGGGCGCAGGACTGTTGAAGCCTTCGGAGACCCTGTCCCTCACCTGCGCTGTCTATGGTGGGTCCTTCAGTGGTTACTACTGGAGCTGGATCCGGCAGCCCCCAGGGAAGGGACTGGAGTGGATTGGGTATATCTATTACAGTGGGAGCACCAACTACAACCCCTCCCTCAAGGCTCGAGTCACCCTATCAGTGGACACGTCCAAGAACCAGTTCTCCCTGAAGCTGAGCTCTGTGACCGCTGCGGACACGGCCGTGTATTACTGTGCGAGAGCTGGCAGTGGCTGGTCGGTACTGGGGCCAGGGAACCCTGGTCACCGTCTCCTCAGGGAGTGCATCCGCCCCAACCCTTTTCCCCCTCGTCTCCTGTGAGAATTCCCCGTCGGATACGAGCAGCGTGGCCGTTGGCTGCCTCGCACAGGACTA	FALSE	FALSE	FALSE	IGHV4-34*11	IGHD6-19*01	IGHJ4*02	..............................GGACTGTTGAAGCCTTCGGAGACCCTGTCCCTCACCTGCGCTGTCTATGGTGGGTCCTTC............AGTGGTTACTACTGGAGCTGGATCCGGCAGCCCCCAGGGAAGGGACTGGAGTGGATTGGGTATATCTATTACAGT.........GGGAGCACCAACTACAACCCCTCCCTCAAG...GCTCGAGTCACCCTATCAGTGGACACGTCCAAGAACCAGTTCTCCCTGAAGCTGAGCTCTGTGACCGCTGCGGACACGGCCGTGTATTACTGTGCGAGAGCTGGCAGTGGCTGGTCGGTACTGGGGCCAGGGAACCCTGGTCACCGTCTCCTCAG	TGTGCGAGAGCTGGCAGTGGCTGGTCGGTACTGG	GGTGGGTCCTTC............AGTGGTTACTAC	ATCTATTACAGT.........GGGAGCACC	GCGAGAGCTGGCAGTGGCTGGTCGGTAC	CAGGTGCAGCTACAGCAGTGGGGCGCA...GGACTGTTGAAGCCTTCGGAGACCCTGTCCCTCACCTGCGCTGTCTAT	TGGAGCTGGATCCGGCAGCCCCCAGGGAAGGGACTGGAGTGGATTGGGTAT	AACTACAACCCCTCCCTCAAG...GCTCGAGTCACCCTATCAGTGGACACGTCCAAGAACCAGTTCTCCCTGAAGCTGAGCTCTGTGACCGCTGCGGACACGGCCGTGTATTACTGT	TGGGGCCAGGGAACCCTGGTCACCGTCTCCTCAG	34	IGHV4-34*01_T300C
21129	SPENSER:89:000000000-A8P9T:A01:6:u25927:0	TCTGTGTTACAGCTCGGGGGACTTTCTGAGAGTCATGGACCTCCTGCACAAGAACATGAAACACCTGTGGTTCTTCCTCCTCCTGGTGGCAGCTCCCAGATGGGTCCTGTCCCAGGTGCAGCTACAGCAGTGGGGCGCAGGACTGTTGAAGCCTTCGGAGACCCTGTCCCTCACCTGCGCTGTCTATGGTGGGTCCTTCAGTGGTTACTACTGGAGCTGGATCCGCCAGCCCCCAGGGAAGGGGCTGGAGTGGATTGGGGAAATCAATCATAGTGGAAGCACCAACTACAACCCGTCCCTAAAGACTCGGGTCACCATATCATGAGAAACGTCCAAGAACCAGTTCTCCCTGAAGCTGAGCTCTGTGACCGCTGCGGACACGGCCGGGTATTACTGTGCGAGAGATGTGGGAGCAGCTGAGCCGGTCTACTTTGACTACTGGGGCCAGGGAACCCTGGTCACCGTCTCCTCAGGGAGTGCATCCGCCCCAACCCTTTTCCCCCTCGTCTCCTGTGAGAATTCCCCGTCGGATACGAGCAGCGTGGCCGTTGGCTGCCTCTCACAGGACTTCGTAA	FALSE	TRUE	TRUE	IGHV4-34*01	"IGHD1-26*01,IGHD6-13*01"	IGHJ4*02	..............................GGACTGTTGAAGCCTTCGGAGACCCTGTCCCTCACCTGCGCTGTCTATGGTGGGTCCTTC............AGTGGTTACTACTGGAGCTGGATCCGCCAGCCCCCAGGGAAGGGGCTGGAGTGGATTGGGGAAATCAATCATAGT.........GGAAGCACCAACTACAACCCGTCCCTAAAG...ACTCGGGTCACCATATCATGAGAAACGTCCAAGAACCAGTTCTCCCTGAAGCTGAGCTCTGTGACCGCTGCGGACACGGCCGGGTATTACTGTGCGAGAGATGTGGGAGCAGCTGAGCCGGTCTACTTTGACTACTGGGGCCAGGGAACCCTGGTCACCGTCTCCTCAG	TGTGCGAGAGATGTGGGAGCAGCTGAGCCGGTCTACTTTGACTACTGG	GGTGGGTCCTTC............AGTGGTTACTAC	ATCAATCATAGT.........GGAAGCACC	GCGAGAGATGTGGGAGCAGCTGAGCCGGTCTACTTTGACTAC	CAGGTGCAGCTACAGCAGTGGGGCGCA...GGACTGTTGAAGCCTTCGGAGACCCTGTCCCTCACCTGCGCTGTCTAT	TGGAGCTGGATCCGCCAGCCCCCAGGGAAGGGGCTGGAGTGGATTGGGGAA	AACTACAACCCGTCCCTAAAG...ACTCGGGTCACCATATCATGAGAAACGTCCAAGAACCAGTTCTCCCTGAAGCTGAGCTCTGTGACCGCTGCGGACACGGCCGGGTATTACTGT	TGGGGCCAGGGAACCCTGGTCACCGTCTCCTCAG	48	IGHV4-34*01_T300C
21154	SPENSER:89:000000000-A8P9T:A01:6:u142631:0	CACGTCATGGCTCCCGGGGGGTGCTTTCTGAGAGTCATGGACCTCCTGCACAAGAACATGAAACACCTGTGGTTCTTCCTCCTCCTGGTGGCAGCTCCCAGATGGGTCCTGTCCCAGGTGCAGCTACAGCAGTGGGGCGCAGGACTGTTGAAGCCTTCGGAGACCCTGTCCCTCACCTGCGCTGTCTATGGTGGGTCCTTCAGTGGTTACTACTGGNGCTGGATCCGCCAGCCCCCAGGGAAGGGGCTGGAGTGGATTGGGGAAATCAATCATAGTGGAAGCACCAACTACAACCCGTCCNNANNNNNNNCCGNCCCTNANGNGTNGNGTNACCATATNNGTNGANACGTCCANGAACCAGTTNTCCCTGANGCTGAGCTCTGTGACNGCCGCGGACACGGCCGTGTATTACTGTGCGAGAGNNANNNNGGTTCGGGGAGTATACNTANTACTACTANTACTACATGGACTACTGGGGCCAGGGGACCACGGTCACCGTCTCCTCAGGGAGTGCATCCGCCCCAACCCTTTTCCCCCTCGTCTCCTGTGAGAATTCCCCGTCGGATACGAGCAGCGTGGCCGTTGGCTGCCTCGCACAGGACTTCTTCT	FALSE	FALSE	FALSE	IGHV4-34*01	IGHD3-10*01	IGHJ6*03	..............................GGACTGTTGAAGCCTTCGGAGACCCTGTCCCTCACCTGCGCTGTCTATGGTGGGTCCTTC............AGTGGTTACTACTGGNGCTGGATCCGCCAGCCCCCAGGGAAGGGGCTGGAGTGGATTGGGGAAATCAATCATAGT.........GGAAGCACCAACTACAACCCGTCCCTNANG...NGTNGNGTNACCATATNNGTNGANACGTCCANGAACCAGTTNTCCCTGANGCTGAGCTCTGTGACNGCCGCGGACACGGCCGTGTATTACTGTGCGAGAGNNANNNNGGTTCGGGGAGTATACNTANTACTACTANTACTACATGGACTACTGGGGCCAGGGGACCACGGTCACCGTCTCCTCA	TGTGCGAGAGNNANNNNGGTTCGGGGAGTATACNTANTACTACTANTACTACATGGACTACTGG	GGTGGGTCCTTC............AGTGGTTACTAC	ATCAATCATAGT.........GGAAGCACC	GCGAGAGNNANNNNGGTTCGGGGAGTATACNTANTACTACTANTACTACATGGACTAC	CAGGTGCAGCTACAGCAGTGGGGCGCA...GGACTGTTGAAGCCTTCGGAGACCCTGTCCCTCACCTGCGCTGTCTAT	TGGNGCTGGATCCGCCAGCCCCCAGGGAAGGGGCTGGAGTGGATTGGGGAA	AACTACAACCCGTCCCTNANG...NGTNGNGTNACCATATNNGTNGANACGTCCANGAACCAGTTNTCCCTGANGCTGAGCTCTGTGACNGCCGCGGACACGGCCGTGTATTACTGT	TGGGGCCAGGGGACCACGGTCACCGTCTCCTCA	64	IGHV4-34*01_T300C
21206	SPENSER:89:000000000-A8P9T:A01:6:u232672:0	GCGGGCCTGAAGGGGGGGCTTTCTGAGAGTCATGGACCTCCTGCACAAGAACATGAAACACCTGTGGTTCTTCCTCCTCCTGGTGGCAGCTCCCAGATGGGTCCTGTCCCAGGTGCAGCTACAGCAGTGGGGCGCAGGACTGTTGAAGCCTTCGGAGACCCTGTCCCTCACCTGCGCTGTCTATGGTGGGTCCTTCAGTGGTTACTACTGGAGCTGGATCCGCCAGCCCCCAGGGAAGGGGCTGGAGTGGATTGGGAGNATCAATCATAGTGGNAGCACCAACTACAACCCGNNCCTCAANNNNNNNNNACANCCCNNCCNNNNAGNGTNNNGNNACCATATNNGNNGANNCGNCCAAGAACCAGTTNTCCCTGAAGCTGNNCTCTGTGACCGCCGCGGACACGGCCGTGTATTACTGTGCGAGAGNCCGTAGTGGGAGCTANNNCTGGTACAACTGCGGCTGGGACATCTGGGGCCAGGGAACCCTGGTCACCGTCTCCTCAGGGAGTGCATCCGCCCCAACCCTTTTCCCCCTCGTCTCCTGTGAGAATTCCCCGTCGGATACGAGCAGCGTGGCCGTTGGCTGCCTCGCACAGGACTTCCNNT	FALSE	TRUE	TRUE	IGHV4-34*01	IGHD1-26*01	"IGHJ4*02,IGHJ5*02"	..............................GGACTGTTGAAGCCTTCGGAGACCCTGTCCCTCACCTGCGCTGTCTATGGTGGGTCCTTC............AGTGGTTACTACTGGAGCTGGATCCGCCAGCCCCCAGGGAAGGGGCTGGAGTGGATTGGGAGNATCAATCATAGT.........GGNAGCACCAACTACAACCCGNNCCTCAAG...NGTNNNGNNACCATATNNGNNGANNCGNCCAAGAACCAGTTNTCCCTGAAGCTGNNCTCTGTGACCGCCGCGGACACGGCCGTGTATTACTGTGCGAGAGNCCGTAGTGGGAGCTANNNCTGGTACAACTGCGGCTGGGACATCTGGGGCCAGGGAACCCTGGTCACCGTCTCCTCAG	TGTGCGAGAGNCCGTAGTGGGAGCTANNNCTGGTACAACTGCGGCTGGGACATCTGG	GGTGGGTCCTTC............AGTGGTTACTAC	ATCAATCATAGT.........GGNAGCACC	GCGAGAGNCCGTAGTGGGAGCTANNNCTGGTACAACTGCGGCTGGGACATC	CAGGTGCAGCTACAGCAGTGGGGCGCA...GGACTGTTGAAGCCTTCGGAGACCCTGTCCCTCACCTGCGCTGTCTAT	TGGAGCTGGATCCGCCAGCCCCCAGGGAAGGGGCTGGAGTGGATTGGGAGN	AACTACAACCCGNNCCTCAAG...NGTNNNGNNACCATATNNGNNGANNCGNCCAAGAACCAGTTNTCCCTGAAGCTGNNCTCTGTGACCGCCGCGGACACGGCCGTGTATTACTGT	TGGGGCCAGGGAACCCTGGTCACCGTCTCCTCAG	57	IGHV4-34*01_T300C
21221	SPENSER:89:000000000-A8P9T:A01:6:u131622:0	TAAGGTTCTGATCAAGGGGGGTGCTTTCTGAGAGTCATGGACCTCCTGCACAAGAACATGAAACACCTGTGGTTCTTCCTCCTCCTGGTGGCAGCTCCCAGATGGGTCCTGTCCCAGGTGCAGCTACAGCAGTGGGGCGCAGGACTGTTGAAGCCTTCGGAGACCCTGTCCCTCACCTGCGCTGTCTATGGTGGGTCCTTCAGTGGTTACTACTGGAGCTGGATCCGCCAGCCCCCAGGGAAGGGGCTGGAGTGGATTGGGGAAATCCATCATAGTGGAAGCACCAACTACAACCCGTCCATCTTATGGTAACAACAAACTACAACCCGGTCCCCAAGAGTCGGGTCACCATATCAGTAGAAAGGGCTAAGAACCAGGTCTCCCTGAAGCTGGGCTCTGTGATTGCCGCGGACACGGCCGTGTATTACTGTGCGAGAGATACTCTCGGCGGTTATTATGACTACTGGGGCCAGGGAACCCTGGTCACCGTCTCCTCAGGGAGTGCATCCGCCCCAACCCTTTTCCCCCTCGTCTCCTGTGAGAATTCCCCGTCGGATACGAGCAGCGTGGCCGTTGGCTGCCTCGCACAGGACTTCCTTG	FALSE	TRUE	TRUE	IGHV4-34*01	"IGHD3-22*01,IGHD3-3*01,IGHD3-3*02"	IGHJ4*02	..............................GGACTGTTGAAGCCTTCGGAGACCCTGTCCCTCACCTGCGCTGTCTATGGTGGGTCCTTC............AGTGGTTACTACTGGAGCTGGATCCGCCAGCCCCCAGGGAAGGGGCTGGAGTGGATTGGGGAAATCCATCATAGT.........GGAAGCACCAACTACAACCCGTCCCCCAAG...AGTCGGGTCACCATATCAGTAGAAAGGGCTAAGAACCAGGTCTCCCTGAAGCTGGGCTCTGTGATTGCCGCGGACACGGCCGTGTATTACTGTGCGAGAGATACTCTCGGCGGTTATTATGACTACTGGGGCCAGGGAACCCTGGTCACCGTCTCCTCAG	TGTGCGAGAGATACTCTCGGCGGTTATTATGACTACTGG	GGTGGGTCCTTC............AGTGGTTACTAC	ATCCATCATAGT.........GGAAGCACC	GCGAGAGATACTCTCGGCGGTTATTATGACTAC	CAGGTGCAGCTACAGCAGTGGGGCGCA...GGACTGTTGAAGCCTTCGGAGACCCTGTCCCTCACCTGCGCTGTCTAT	TGGAGCTGGATCCGCCAGCCCCCAGGGAAGGGGCTGGAGTGGATTGGGGAA	AACTACAACCCGTCCCCCAAG...AGTCGGGTCACCATATCAGTAGAAAGGGCTAAGAACCAGGTCTCCCTGAAGCTGGGCTCTGTGATTGCCGCGGACACGGCCGTGTATTACTGT	TGGGGCCAGGGAACCCTGGTCACCGTCTCCTCAG	39	IGHV4-34*01_T300C
21267	SPENSER:89:000000000-A8P9T:A01:6:u540621:2	AGTCCCAGTAAGACGGGGGACATGGGAAGTGCTTTCTGAGAGTCATGGACCTCCTGCACAAGAACATGAAACACCTGTGGTTCTTCCTCCTCCTGGTGGCAGCTCCCAGATGGGTCCTGTCCCAGGTGCAGCTACAGCAGTGGGGCGCAGGACTGTTGAAGCCTTCGGAGACCCTGTCCCTCACCTGCGCTGTCTATGGTGGGTCCTTCAGTGGTTACTACTGGAGCTGGATCCGCCAGCCCCCAGGGAAGGGGCTGGAGTGGGTTGGGGAAATCAATCATAGTGCAAGCACCAACTACATCCAGTTCCGATTTCCCATTGCTTTCGCCCCGTTTAAGCCTCCGTTCGCCCCGATGCTGGGCGCTGTGCCGGCCGCGGACACGGCCGGTTATTACTTTGCGAGAGAGGTCGTGCGTTATTGGAGTATTACCAGCTGCTATGCTGGAAAGAGCTGGTTCGACCCCTGGGGCCAGGGAACCCTGGTCACCGTCTCCTCAGGGAGTGCATCCGCCCCAACCCTTTTCCCCCTCGTCTCCTGTGAGAATTCCCCGTCGGATACGAGCAGCGTGGCCGTTGGCTGCCTCGCACAGGACTTCTCCT	TRUE	TRUE	FALSE	IGHV4-34*01	"IGHD2-2*01,IGHD2-2*03"	IGHJ5*02	..............................GGACTGTTGAAGCCTTCGGAGACCCTGTCCCTCACCTGCGCTGTCTATGGTGGGTCCTTC............AGTGGTTACTACTGGAGCTGGATCCGCCAGCCCCCAGGGAAGGGGCTGGAGTGGGTTGGGGAAATCAATCATAGT.........GCAAGCACCAACTACATCCAGTTC------...---CGATTTCCCATTGCTTTCGCCCCGTTTAAGCCTCCGTTCGCCCCGATGCTGGGCGCTGTGCCGGCCGCGGACACGGCCGGTTATTACTTTGCGAGAGAGGTCGTGCGTTATTGGAGTATTACCAGCTGCTATGCTGGAAAGAGCTGGTTCGACCCCTGGGGCCAGGGAACCCTGGTCACCGTCTCCTCAG	TTTGCGAGAGAGGTCGTGCGTTATTGGAGTATTACCAGCTGCTATGCTGGAAAGAGCTGGTTCGACCCCTGG	GGTGGGTCCTTC............AGTGGTTACTAC	ATCAATCATAGT.........GCAAGCACC	GCGAGAGAGGTCGTGCGTTATTGGAGTATTACCAGCTGCTATGCTGGAAAGAGCTGGTTCGACCCC	CAGGTGCAGCTACAGCAGTGGGGCGCA...GGACTGTTGAAGCCTTCGGAGACCCTGTCCCTCACCTGCGCTGTCTAT	TGGAGCTGGATCCGCCAGCCCCCAGGGAAGGGGCTGGAGTGGGTTGGGGAA	AACTACATCCAGTTC------...---CGATTTCCCATTGCTTTCGCCCCGTTTAAGCCTCCGTTCGCCCCGATGCTGGGCGCTGTGCCGGCCGCGGACACGGCCGGTTATTACTTT	TGGGGCCAGGGAACCCTGGTCACCGTCTCCTCAG	72	IGHV4-34*01_T300C
21359	SPENSER:89:000000000-A8P9T:A01:6:u323387:1	TGTGATGTGGATCCAGGGGAGTGCTTTCTGAGAGTCATGGACCTCCTGCACAAGAACATGAAACACCTGTGGTTCTTCCTCCTCCTGGTGGCAGCTCCCAGATGGGTCCTGTCCCAGGTGCAGCTACAGCAGTGGGGCGCAGGACTGTTGAAGCCTTCGGAGACCCTGTCCCTCACCTGCGCTGTCTATGGTGGGTCCTTCAGTGGTTACTACTGGAGCTGGATCCGCCAGCCCCCAGGGAAGGGGCTGGAGTGGATTGGGGAAATCAATCATAGTGGAAGCACCAACTACAACCCGTCCNNNNNNCNAACNNCANCCCNNCCCNNANGNGTCGNGTCNCCNTNTCAGTNGANNNGTCCAAGAACCNGTTCTCCCTGAAGCTGAGCTCTGTGACCGCCGCGGACACGGCCGTGTATTACTGTGCGAGANTNNGNNNNGTCNACCGGTTCGGGGACTANTTTGACTACTGGGGCCAGGGAACCCTGGTCACCGTCTCCTCAGGGAGTGCATCCGCCCCAACCCTTTTCCCCCTCGTCTCCTGTGAGAATTCCCCGTCGGATACGAGCAGCGTGGCCGTTGGCTGCCTCGCACAGGACTTCCANC	FALSE	TRUE	TRUE	IGHV4-34*01	IGHD3-10*01	IGHJ4*02	..............................GGACTGTTGAAGCCTTCGGAGACCCTGTCCCTCACCTGCGCTGTCTATGGTGGGTCCTTC............AGTGGTTACTACTGGAGCTGGATCCGCCAGCCCCCAGGGAAGGGGCTGGAGTGGATTGGGGAAATCAATCATAGT.........GGAAGCACCAACTACAACCCGTCCCNNANG...NGTCGNGTCNCCNTNTCAGTNGANNNGTCCAAGAACCNGTTCTCCCTGAAGCTGAGCTCTGTGACCGCCGCGGACACGGCCGTGTATTACTGTGCGAGANTNNGNNNNGTCNACCGGTTCGGGGACTANTTTGACTACTGGGGCCAGGGAACCCTGGTCACCGTCTCCTCAG	TGTGCGAGANTNNGNNNNGTCNACCGGTTCGGGGACTANTTTGACTACTGG	GGTGGGTCCTTC............AGTGGTTACTAC	ATCAATCATAGT.........GGAAGCACC	GCGAGANTNNGNNNNGTCNACCGGTTCGGGGACTANTTTGACTAC	CAGGTGCAGCTACAGCAGTGGGGCGCA...GGACTGTTGAAGCCTTCGGAGACCCTGTCCCTCACCTGCGCTGTCTAT	TGGAGCTGGATCCGCCAGCCCCCAGGGAAGGGGCTGGAGTGGATTGGGGAA	AACTACAACCCGTCCCNNANG...NGTCGNGTCNCCNTNTCAGTNGANNNGTCCAAGAACCNGTTCTCCCTGAAGCTGAGCTCTGTGACCGCCGCGGACACGGCCGTGTATTACTGT	TGGGGCCAGGGAACCCTGGTCACCGTCTCCTCAG	51	IGHV4-34*01_T300C
21377	SPENSER:89:000000000-A8P9T:A01:6:u574363:0	GAAGAGGTGTTAATCGGGGGACATGGGAAGTGCTTTCTGAGAGTCATGGACCTCCTGCACAAGAACATGAAACACCTGTGGTTCTTCCTCCTCCTGGTGGCAGCTCCCAGATGGGTCCTGTCCCAGGTGCAGCTACAGCAGTGGGGCGCAGGACTGTTGAAGCCTTCGGAGACCCTGTCCCTCACCTGCGCTGTCTATGGTGGGTCCTTCAGTGGTTACTACTGGAGCTGGATCCGCCAGCCCCCAGGGAAGGGGCTGGAGTGGATTGGGGAAATCAATCATAGTGGAAGCACCAACTACNNNNCNNNNCCNNNNNGNGNCGNGNNNNNNNNNCNGNAGNNNNGTCCANGAANCNGTNNNCCCNGNAGCNGNGCTNTGNGACCGCNGCGGACACGGCCGTGTATTACNGNGCGAGANNNNNCNNNGGNTNTGGGAGCNACTACGCAGNCNNNTNGNTCGACNCCTGGGGCCAGGGAACCCTGGTCACCGTCTCCTCAGGGAGTGCATCCGCCCCAACCCTTTTCCCCCTCGTCTCCTGTGAGAATTCCCCGTCGGATACGAGCAGCGTGGCCGTTGGCTGCCTCGCACAGGACTTCNGNT	TRUE	TRUE	FALSE	IGHV4-34*01	IGHD1-26*01	IGHJ5*02	..............................GGACTGTTGAAGCCTTCGGAGACCCTGTCCCTCACCTGCGCTGTCTATGGTGGGTCCTTC............AGTGGTTACTACTGGAGCTGGATCCGCCAGCCCCCAGGGAAGGGGCTGGAGTGGATTGGGGAAATCAATCATAGT.........GGAAGCACCAACTACNNCNNNNCCNNNNNG...NGNCGNGNNNNNNNNNCNGNAGNNNNGTCCANGAANCNGTNNNCCCNGNAGCNGNGCTNTGNGACCGCNGCGGACACGGCCGTGTATTACNGNGCGAGANNNNNCNNNGGNTNTGGGAGCNACTACGCAGNCNNNTNGNTCGACNCCTGGGGCCAGGGAACCCTGGTCACCGTCTCCTCAG	NGNGCGAGANNNNNCNNNGGNTNTGGGAGCNACTACGCAGNCNNNTNGNTCGACNCCTGG	GGTGGGTCCTTC............AGTGGTTACTAC	ATCAATCATAGT.........GGAAGCACC	GCGAGANNNNNCNNNGGNTNTGGGAGCNACTACGCAGNCNNNTNGNTCGACNCC	CAGGTGCAGCTACAGCAGTGGGGCGCA...GGACTGTTGAAGCCTTCGGAGACCCTGTCCCTCACCTGCGCTGTCTAT	TGGAGCTGGATCCGCCAGCCCCCAGGGAAGGGGCTGGAGTGGATTGGGGAA	AACTACNNCNNNNCCNNNNNG...NGNCGNGNNNNNNNNNCNGNAGNNNNGTCCANGAANCNGTNNNCCCNGNAGCNGNGCTNTGNGACCGCNGCGGACACGGCCGTGTATTACNGN	TGGGGCCAGGGAACCCTGGTCACCGTCTCCTCAG	60	IGHV4-34*01_T300C
21490	SPENSER:89:000000000-A8P9T:A01:6:u532754:1	TTGATCATTAGGGTGGGAATGCTTTCTGAGAGTCCTGGACCTCCTGTGCAAGAACATGAAACACCTGTGGTTCTTCCTCCTGCTGGTGGCAGCTCCCAGATGGGTCCTGTCCCAGGTGCAGCTGCAGGAGTCGGGCCCAGGACTGTTGAAGCCTTCGGAGACCCTGTCCCTCACCTGCGCTGTCTATGGTGGGTCCTTCAGTGGTTACTACTGGAGCTGGATCCGCCAGCCCCCAGGGAAGGGGCTGGAGTGGATTGGGGAAATCAATCATAGTGGAAGCACCAACTACAACCCGTCCCTAATACAACCCGGTCCACAGGAGTCGGGTCACCATAGCAGTAGCGACGGCCAAGAACCAGGTCTCACTGAAGCTGAGCTCTGTGACCGCCGCGGACACGGCCGTGTATTACTGTGCAACAGAGGGGCATTTGGAACTACCCTCCCCTTTTTACTACATGGACGTCTGGGGCAAAGGGACCACGGTCACCGTCTCCTCAGGGAGTGCATCCGCCCCAACCCTTTTCCCCCTCGTCTCCTGTGAGAATTCCCCGTCGGATACGGGCAGCGTGGCCGTTGGCTGCCTCGCACAGGACTTCACAT	TRUE	TRUE	FALSE	IGHV4-34*01	IGHD1-7*01	IGHJ6*03	..............................GGACTGTTGAAGCCTTCGGAGACCCTGTCCCTCACCTGCGCTGTCTATGGTGGGTCCTTC............AGTGGTTACTACTGGAGCTGGATCCGCCAGCCCCCAGGGAAGGGGCTGGAGTGGATTGGGGAAATCAATCATAGT.........GGAAGCACCAACTACAACCCGTCCCTCAGG...AGTCGGGTCACCATAGCAGTAGCGACGGCCAAGAACCAGGTCTCACTGAAGCTGAGCTCTGTGACCGCCGCGGACACGGCCGTGTATTACTGTGCAACAGAGGGGCATTTGGAACTACCCTCCCCTTTTTACTACATGGACGTCTGGGGCAAAGGGACCACGGTCACCGTCTCCTCA	TGTGCAACAGAGGGGCATTTGGAACTACCCTCCCCTTTTTACTACATGGACGTCTGG	GGTGGGTCCTTC............AGTGGTTACTAC	ATCAATCATAGT.........GGAAGCACC	GCAACAGAGGGGCATTTGGAACTACCCTCCCCTTTTTACTACATGGACGTC	CAGGTGCAGCTGCAGGAGTCGGGCCCA...GGACTGTTGAAGCCTTCGGAGACCCTGTCCCTCACCTGCGCTGTCTAT	TGGAGCTGGATCCGCCAGCCCCCAGGGAAGGGGCTGGAGTGGATTGGGGAA	AACTACAACCCGTCCCTCAGG...AGTCGGGTCACCATAGCAGTAGCGACGGCCAAGAACCAGGTCTCACTGAAGCTGAGCTCTGTGACCGCCGCGGACACGGCCGTGTATTACTGT	TGGGGCAAAGGGACCACGGTCACCGTCTCCTCA	57	IGHV4-34*01_T300C
21568	SPENSER:89:000000000-A8P9T:A01:6:u277141:0	GATTAATAACGGACAGGGGGACATGGGAAGTGCTTTCTGAGAGTCATGGACCTCCTGCACAAGAACATGAAACACCTGTGGTTCTTCCTCCTCCTGGTGGCAGCTCCCAGATGGGTCCTGTCCCAGGTGCAGCTACAGCAGTGGGGCGCAGGACTGTTGAAGCCTTCGGAGACCCTGTCCCTCACCTGCGCTGTCTATGGTGGGTCCTTCAGTGGTTACTACTGGAGCTGGATCCGCCAGCCCCCAGGGAAGGGGCTGGAGTGGATTGGGGAAATCAATCATAGTGGAAGCACCAACTACNNNNNNNANNNACNNNNNNCANCCNNNCCNTCANGNGTNNNGTCNCCATATNNGTNGNNNCGNCCANGAACCNGTTCTCCCTGAAGCTGAGCTCTGTGACNGCCGCGGACACGGCCGTGTATTACTGTGCGAGANNNGNNNNGGNNGTANTAGGGTACTACTNCNTTGACTACTGGGGCCAGGGAACCCTGGTCACCGTCTCCTCAGGGAGTGCATCCGCCCCAACCCTTTTCCCCCTCGTCTCCTGTGAGAATTCCCCGTCGGATACGAGCAGCGTGGCCGTTGGCTGCCTCGCACAGGACTTCTNCN	FALSE	TRUE	TRUE	IGHV4-34*01	"IGHD1-1*01,IGHD2-8*01,IGHD2-8*02"	IGHJ4*02	..............................GGACTGTTGAAGCCTTCGGAGACCCTGTCCCTCACCTGCGCTGTCTATGGTGGGTCCTTC............AGTGGTTACTACTGGAGCTGGATCCGCCAGCCCCCAGGGAAGGGGCTGGAGTGGATTGGGGAAATCAATCATAGT.........GGAAGCACCAACTACANCCNNNCCNTCANG...NGTNNNGTCNCCATATNNGTNGNNNCGNCCANGAACCNGTTCTCCCTGAAGCTGAGCTCTGTGACNGCCGCGGACACGGCCGTGTATTACTGTGCGAGANNNGNNNNGGNNGTANTAGGGTACTACTNCNTTGACTACTGGGGCCAGGGAACCCTGGTCACCGTCTCCTCAG	TGTGCGAGANNNGNNNNGGNNGTANTAGGGTACTACTNCNTTGACTACTGG	GGTGGGTCCTTC............AGTGGTTACTAC	ATCAATCATAGT.........GGAAGCACC	GCGAGANNNGNNNNGGNNGTANTAGGGTACTACTNCNTTGACTAC	CAGGTGCAGCTACAGCAGTGGGGCGCA...GGACTGTTGAAGCCTTCGGAGACCCTGTCCCTCACCTGCGCTGTCTAT	TGGAGCTGGATCCGCCAGCCCCCAGGGAAGGGGCTGGAGTGGATTGGGGAA	AACTACANCCNNNCCNTCANG...NGTNNNGTCNCCATATNNGTNGNNNCGNCCANGAACCNGTTCTCCCTGAAGCTGAGCTCTGTGACNGCCGCGGACACGGCCGTGTATTACTGT	TGGGGCCAGGGAACCCTGGTCACCGTCTCCTCAG	51	IGHV4-34*01_T300C
21612	SPENSER:89:000000000-A8P9T:A01:6:u170354:0	ATCGGGGCATAGGCGGGGTGCTTTCTGAGAGTCATGGACCTCCTGCACAAGAACATGAAACACCTGTGGTTCTTCCTCCTCCTGGTGGCAGCTCCCAGATGGGTCCTGTCCCAGGTGCAGCTACAGCAGTGGGGCGCAGGACTGTTGAAGCCTTCGGAGACCCTGTCCCTCACCTGCGCTGTCTATGGTGGGTCCTTCAGTNGTTACTACTGGNGCTGGATCCGCCAGCCCCCAGGGANNGGGCTGGANNGGNNNGGGNANATCNATNANAGTGNNNNNNCCAACTACAACCNNTCCCTCNNNNNNNNNNNNNANANCNCNNCCNTNNAGNGNNNNNNNACCATNTCAGTNNNNNCGTNCANNNNCCAGTTCTCCCNGANGCTGNGNTCNGNNACNGCNGCGGANACGGCCGTGTATTACTGTGCGNGAGATGNNGCNGNNNNNNNCTANNNTTACGNGGNAGGCTACTGGGGCCAGGGAACCCTGGTCACCGTCTCCTCAGGGAGTGCATCCGCCCCAACCCTTTTCCCCCTCGTCTCCTGTGAGAATTCCCCGTCGGATACGAGCAGCGTGGCCGTTGGCTGCCTCGCACAGGACTTCGTNG	TRUE	TRUE	FALSE	IGHV4-34*01	"IGHD3-16*01,IGHD3-16*02,IGHD3-3*01"	IGHJ4*02	..............................GGACTGTTGAAGCCTTCGGAGACCCTGTCCCTCACCTGCGCTGTCTATGGTGGGTCCTTC............AGTNGTTACTACTGGNGCTGGATCCGCCAGCCCCCAGGGANNGGGCTGGANNGGNNNGGGNANATCNATNANAGT.........GNNNNNNCCAACTACAACCNNTCCCTCNAG...NGNNNNNNNACCATNTCAGTNNNNNCGTNCANNNNCCAGTTCTCCCNGANGCTGNGNTCNGNNACNGCNGCGGANACGGCCGTGTATTACTGTGCGNGAGATGNNGCNGNNNNNNNCTANNNTTACGNGGNAGGCTACTGGGGCCAGGGAACCCTGGTCACCGTCTCCTCAG	TGTGCGNGAGATGNNGCNGNNNNNNNCTANNNTTACGNGGNAGGCTACTGG	GGTGGGTCCTTC............AGTNGTTACTAC	ATCNATNANAGT.........GNNNNNNCC	GCGNGAGATGNNGCNGNNNNNNNCTANNNTTACGNGGNAGGCTAC	CAGGTGCAGCTACAGCAGTGGGGCGCA...GGACTGTTGAAGCCTTCGGAGACCCTGTCCCTCACCTGCGCTGTCTAT	TGGNGCTGGATCCGCCAGCCCCCAGGGANNGGGCTGGANNGGNNNGGGNAN	AACTACAACCNNTCCCTCNAG...NGNNNNNNNACCATNTCAGTNNNNNCGTNCANNNNCCAGTTCTCCCNGANGCTGNGNTCNGNNACNGCNGCGGANACGGCCGTGTATTACTGT	TGGGGCCAGGGAACCCTGGTCACCGTCTCCTCAG	51	IGHV4-34*01_T300C
21752	SPENSER:89:000000000-A8P9T:A01:6:u270536:1	GTAATATACTCTAGAGGGGGGTGCTTTCTGAGAGTCATGGACCTCCTGCACAAGAACATGAAACACCTGTGGTTCTTCCTCCTCCTGGTGGCAGCTCCCAGATGGGTCCTGTCCCAGGTGCAGCTACAGCAGTGGGGCGCAGGACTGTTGAAGCCTTCGGAGACCCTGTCCCTCACCTGCGCTGTCTATGGTGGGTCCCTCAGTGGTTACTACTGGAGCTGGATCCGCCAGCCCCCAGGGAAGGGGCTGGAGTGGGTTGGGGAAATCAATCATAGTGGAAGCACCCACTAAAACCCGTCCTTTCGTTCGCACCTTCCAGGTCCCGGTTCTCCCTGAAGGTGAGCTCGTGGCCCGCGGCGGACACGGCCTTGTATTACTGGGCGAGAGATGCACGACATGCACTCAGCGCCCAACTGGCATATTGTGGTGGTGACTGCTATCCCCCGACCAATTTGGTTGACCACTGGGGCCAGGGAACCCAGGTCACCGTCTCCTCAGGGAGTGCATCCGCCCCAACCCTTTTCCCCCTCGTCTCCTGTGAGAATTCCCCGTCGGATACGAGCAGCGTGGCCGTTGGCTGCCTCGCACAGGACTTCCAGT	FALSE	TRUE	TRUE	IGHV4-34*01	IGHD2-21*02	IGHJ4*02	..............................GGACTGTTGAAGCCTTCGGAGACCCTGTCCCTCACCTGCGCTGTCTATGGTGGGTCCCTC............AGTGGTTACTACTGGAGCTGGATCCGCCAGCCCCCAGGGAAGGGGCTGGAGTGGGTTGGGGAAATCAATCATAGT.........GGAAGCACCCACTAAAACCCGTCC------...-------------TTTCGTTCGCACCTTCCAGGTCCCGGTTCTCCCTGAAGGTGAGCTCGTGGCCCGCGGCGGACACGGCCTTGTATTACTGGGCGAGAGATGCACGACATGCACTCAGCGCCCAACTGGCATATTGTGGTGGTGACTGCTATCCCCCGACCAATTTGGTTGACCACTGGGGCCAGGGAACCCAGGTCACCGTCTCCTCAG	TGGGCGAGAGATGCACGACATGCACTCAGCGCCCAACTGGCATATTGTGGTGGTGACTGCTATCCCCCGACCAATTTGGTTGACCACTGG	GGTGGGTCCCTC............AGTGGTTACTAC	ATCAATCATAGT.........GGAAGCACC	GCGAGAGATGCACGACATGCACTCAGCGCCCAACTGGCATATTGTGGTGGTGACTGCTATCCCCCGACCAATTTGGTTGACCAC	CAGGTGCAGCTACAGCAGTGGGGCGCA...GGACTGTTGAAGCCTTCGGAGACCCTGTCCCTCACCTGCGCTGTCTAT	TGGAGCTGGATCCGCCAGCCCCCAGGGAAGGGGCTGGAGTGGGTTGGGGAA	CACTAAAACCCGTCC------...-------------TTTCGTTCGCACCTTCCAGGTCCCGGTTCTCCCTGAAGGTGAGCTCGTGGCCCGCGGCGGACACGGCCTTGTATTACTGG	TGGGGCCAGGGAACCCAGGTCACCGTCTCCTCAG	90	IGHV4-34*01_T300C
21894	SPENSER:89:000000000-A8P9T:A01:6:u76419:2	GGTAGCGTGCCAACAGGGGGTCACATGGGAAGTGCTTTCTGAGAGTCATGGACCTCCTGCACAAGAACATGAAACACCTGTGGTTCTTCCTCCTCCTGGTGGCAGCTCCCAGATGGGTCCTGTCCCAGGTGCAGCTACAGCAGTGGGGCGCAGGACTGTTGAAGCCTTCGGAGACCCTGTCCCTCACCTGCGCTGTCTATGGTGGGTCCTTCAGTGGTTACTACTGGAGCTGGATCCGCCAGCCCCCAGGGANGGGGCNGGANTGGATNGGGGANNTCNATCATANNGNNNGCACNNACNNNNNNNNNNTNANNNNNNNNCNNTNNNGNNNCGNNNCNNNANNTCAGNNGNNNCGNCCAAGAACNAGTTCTCCCTGAAGCTGAGNNCTGTGACCGNNGCGGACACGGCCGTGTATTACTGTGCGAGAGNCNNNNNNGNNGNTCCNGNTCTGGNNNNCNTTGACTACTGGGGCCAGGGAACCCTGGTCACCGTCTCCTCAGGGAGTGCATCCGCCCCAACCCTTTTCCCCCTCGTCTCCTGTGAGAATTCCCCGTCGGATACGAGCAGCGTGGCCGTTGGCTGCCTCGCACAGGACTTCTTTC	FALSE	TRUE	TRUE	"IGHV4-34*01,IGHV4-34*04"		IGHJ4*02	..............................GGACTGTTGAAGCCTTCGGAGACCCTGTCCCTCACCTGCGCTGTCTATGGTGGGTCCTTC............AGTGGTTACTACTGGAGCTGGATCCGCCAGCCCCCAGGGANGGGGCNGGANTGGATNGGGGANNTCNATCATANN.........GNNNGCACNNACNANNNNNNNNCNNTNNNG...NNNCGNNNCNNNANNTCAGNNGNNNCGNCCAAGAACNAGTTCTCCCTGAAGCTGAGNNCTGTGACCGNNGCGGACACGGCCGTGTATTACTGTGCGAGAGNCNNNNNNGNNGNTCCNGNTCTGGNNNNCNTTGACTACTGGGGCCAGGGAACCCTGGTCACCGTCTCCTCAG	TGTGCGAGAGNCNNNNNNGNNGNTCCNGNTCTGGNNNNCNTTGACTACTGG	GGTGGGTCCTTC............AGTGGTTACTAC	NTCNATCATANN.........GNNNGCACN	GCGAGAGNCNNNNNNGNNGNTCCNGNTCTGGNNNNCNTTGACTAC	CAGGTGCAGCTACAGCAGTGGGGCGCA...GGACTGTTGAAGCCTTCGGAGACCCTGTCCCTCACCTGCGCTGTCTAT	TGGAGCTGGATCCGCCAGCCCCCAGGGANGGGGCNGGANTGGATNGGGGAN	NACNANNNNNNNNCNNTNNNG...NNNCGNNNCNNNANNTCAGNNGNNNCGNCCAAGAACNAGTTCTCCCTGAAGCTGAGNNCTGTGACCGNNGCGGACACGGCCGTGTATTACTGT	TGGGGCCAGGGAACCCTGGTCACCGTCTCCTCAG	51	IGHV4-34*01_T300C
21947	SPENSER:89:000000000-A8P9T:A01:6:u132435:1	AGTTAAGTCAGGCCAGGGGGGACATGGGAAGTGCTTTCTGAGAGTCATGGACCTCCTGCACAAGAACATGAAACACCTGTGGTTCTTCCTCCTCCTGGTGGCAGCTCCCAGATGGGTCCTGTCCCAGGTGCAGCTACAGCAGTGGGGCGCAGGACTGTTGAAGCCTTCGGAGACCCTGTCCCTCACCTGCGCTGTCTATGGTGGGTCCTTCAGTGGTTACTACTGGAGCTGGATCCGCCAGCCCCCAGGGAAGGGACTGGAGTGGATTGCCTATGTCTATTCCAGTGGGAGGACCGACTAGTGGGCCCTCCTACACCCCCCTCCTCAAGGGGCGGGTCACCATATCAGAAGACACGTCCAAGAACCAGTTTTCCCTGAAGCTGACTGTGGTGACCGCCGCGGACACGGCCGTGTATTACGGGGCGAGAGATGCAGCAGCAGCTGGTACGGGTGGCTTTGACTACTGGGGCCAGGGAACCCTGGTCACCGTCTCCTCAGGGAGTGCATCCGCCCCAACCCTTTTCCCCCTCGTCTCCTGTGAGAAATCCCCGTCGGATACGAGCAGCGTGGCCGTTGGCTGCCTCGCACAGGACTTCCAAA	FALSE	TRUE	TRUE	IGHV4-34*11	IGHD6-13*01	IGHJ4*02	..............................GGACTGTTGAAGCCTTCGGAGACCCTGTCCCTCACCTGCGCTGTCTATGGTGGGTCCTTC............AGTGGTTACTACTGGAGCTGGATCCGCCAGCCCCCAGGGAAGGGACTGGAGTGGATTGCCTATGTCTATTCCAGT.........GGGAGGACCGACTACACCCCCCTCCTCAAG...GGGCGGGTCACCATATCAGAAGACACGTCCAAGAACCAGTTTTCCCTGAAGCTGACTGTGGTGACCGCCGCGGACACGGCCGTGTATTACGGGGCGAGAGATGCAGCAGCAGCTGGTACGGGTGGCTTTGACTACTGGGGCCAGGGAACCCTGGTCACCGTCTCCTCAG	GGGGCGAGAGATGCAGCAGCAGCTGGTACGGGTGGCTTTGACTACTGG	GGTGGGTCCTTC............AGTGGTTACTAC	GTCTATTCCAGT.........GGGAGGACC	GCGAGAGATGCAGCAGCAGCTGGTACGGGTGGCTTTGACTAC	CAGGTGCAGCTACAGCAGTGGGGCGCA...GGACTGTTGAAGCCTTCGGAGACCCTGTCCCTCACCTGCGCTGTCTAT	TGGAGCTGGATCCGCCAGCCCCCAGGGAAGGGACTGGAGTGGATTGCCTAT	GACTACACCCCCCTCCTCAAG...GGGCGGGTCACCATATCAGAAGACACGTCCAAGAACCAGTTTTCCCTGAAGCTGACTGTGGTGACCGCCGCGGACACGGCCGTGTATTACGGG	TGGGGCCAGGGAACCCTGGTCACCGTCTCCTCAG	48	IGHV4-34*01_T300C
22054	SPENSER:89:000000000-A8P9T:A01:6:u334383:1	ATCATTAGTGCCGGGGGAGTGCTTTCTGAGAGTCATGGACCTCCTGCACAAGAACATGAAACACCTGTGGTTCTTCCTCCTCCTGGTGGCAGCTCCCAGATGGGTCCTGTCCCAGGTGCAGCTACAGCAGTGGGGCGCAGGACTGTTGAAGCCTTCGGAGACCCTGTCCCTCACCTGCGCTGTCTATGGTGGGTCCTTCAGTGGTTACTACTGGAGCTGGATCCGCCAGCCCCCAGGGAAGGGGCTGGAGTGGATTGGGGAAATCAATCATAGTGGAAGCACCAACTACAACCCGTCCCCNNNNNNNNNNNANNANCNNNAACCNGNCCCNNANGNNNCGNGTCACCATATCAGNAGACACGTCCAAGAACCAGTTCTCCCTGAAGCTGAGCTCTGTGACCGCNGCGGACACGGCCGTGTATTACTGTGCGAGAGGNGGTATGGNNNGGGCAGTGNTNNGCTAGTACAGNNTACTTCGACCNCTGGGGCCAGGGAACCCTGGTCACCGTCTCCTCAGGGAGTGCATCCGCCCCAACCCTTTTCCCCCTCGTCTCCTGTGAGAATTCCCCGTCGGATACGAGCAGCGTGGCCGTTGGCTGCCTCGCACAGGACTTCNCNN	FALSE	FALSE	FALSE	IGHV4-34*01	IGHD3-10*01	IGHJ5*02	..............................GGACTGTTGAAGCCTTCGGAGACCCTGTCCCTCACCTGCGCTGTCTATGGTGGGTCCTTC............AGTGGTTACTACTGGAGCTGGATCCGCCAGCCCCCAGGGAAGGGGCTGGAGTGGATTGGGGAAATCAATCATAGT.........GGAAGCACCAACTACAACCCGTCCCNNANG...NNNCGNGTCACCATATCAGNAGACACGTCCAAGAACCAGTTCTCCCTGAAGCTGAGCTCTGTGACCGCNGCGGACACGGCCGTGTATTACTGTGCGAGAGGNGGTATGGNNNGGGCAGTGNTNNGCTAGTACAGNNTACTTCGACCNCTGGGGCCAGGGAACCCTGGTCACCGTCTCCTCAG	TGTGCGAGAGGNGGTATGGNNNGGGCAGTGNTNNGCTAGTACAGNNTACTTCGACCNCTGG	GGTGGGTCCTTC............AGTGGTTACTAC	ATCAATCATAGT.........GGAAGCACC	GCGAGAGGNGGTATGGNNNGGGCAGTGNTNNGCTAGTACAGNNTACTTCGACCNC	CAGGTGCAGCTACAGCAGTGGGGCGCA...GGACTGTTGAAGCCTTCGGAGACCCTGTCCCTCACCTGCGCTGTCTAT	TGGAGCTGGATCCGCCAGCCCCCAGGGAAGGGGCTGGAGTGGATTGGGGAA	AACTACAACCCGTCCCNNANG...NNNCGNGTCACCATATCAGNAGACACGTCCAAGAACCAGTTCTCCCTGAAGCTGAGCTCTGTGACCGCNGCGGACACGGCCGTGTATTACTGT	TGGGGCCAGGGAACCCTGGTCACCGTCTCCTCAG	61	IGHV4-34*01_T300C
22080	SPENSER:89:000000000-A8P9T:A01:6:u134783:1	AGTCGATGTTGCAGAGGGGGCGTGCTTTCTGAGAGTCATGGACCTCCTGCACAAGAACATGAAACACCTGTGGTTCTTCCTCCTCCTGGTGGCAGCTCCCAGATGGGTCCTGTCCCAGGTGCAGCTACAGCAGTGGGGCGCAGGACTGTTGAAGCCTTCGGAGACCCTGTCCCTCACCTGCGCTGTCTATGGTGGGTCCTTCAGTGGTTACTACTGGAGCTGGATCCGCCAGCCCCCAGGGAAGGGGCTGGAGTGGATTGGGGAAATCAATCATAGTGGAAGCACCAACTACAACCCGTCCACCCTCCTTTACGTGGCCTGGCCCCCTATCCGTTGCCCGTTCCACGTCCCGTTTTCCCTTGCAGCGGGGCTCTGTGACCGCCGCGGACGCGGCCCTGTATTACGGTGCGGGGGACGTACTATGGTTCGGGGAGTCCCAATATAAACTGGGGGCTTTTGACTACTGGGGCCAGGGAACCCTGGTCACCGTCTCCTCAGGGAGTGCATCCGCCCCAACCCTTTTCCCCCTCGTCTCCTGTGAGAATTCCCCGTCGGATACGAGCAGCGTGGCCGTTGGCTGCCTCGCACAGGACTTCAGTC	FALSE	TRUE	TRUE	IGHV4-34*01	IGHD3-10*01	IGHJ4*02	..............................GGACTGTTGAAGCCTTCGGAGACCCTGTCCCTCACCTGCGCTGTCTATGGTGGGTCCTTC............AGTGGTTACTACTGGAGCTGGATCCGCCAGCCCCCAGGGAAGGGGCTGGAGTGGATTGGGGAAATCAATCATAGT.........GGAAGCACCAACTACAACCCGTCCTTTACG...TGGCCTGGCCCCCTATCCGTTGCCCGTTCCACGTCCCGTTTTCCCTTGCAGCGGGGCTCTGTGACCGCCGCGGACGCGGCCCTGTATTACGGTGCGGGGGACGTACTATGGTTCGGGGAGTCCCAATATAAACTGGGGGCTTTTGACTACTGGGGCCAGGGAACCCTGGTCACCGTCTCCTCAG	GGTGCGGGGGACGTACTATGGTTCGGGGAGTCCCAATATAAACTGGGGGCTTTTGACTACTGG	GGTGGGTCCTTC............AGTGGTTACTAC	ATCAATCATAGT.........GGAAGCACC	GCGGGGGACGTACTATGGTTCGGGGAGTCCCAATATAAACTGGGGGCTTTTGACTAC	CAGGTGCAGCTACAGCAGTGGGGCGCA...GGACTGTTGAAGCCTTCGGAGACCCTGTCCCTCACCTGCGCTGTCTAT	TGGAGCTGGATCCGCCAGCCCCCAGGGAAGGGGCTGGAGTGGATTGGGGAA	AACTACAACCCGTCCTTTACG...TGGCCTGGCCCCCTATCCGTTGCCCGTTCCACGTCCCGTTTTCCCTTGCAGCGGGGCTCTGTGACCGCCGCGGACGCGGCCCTGTATTACGGT	TGGGGCCAGGGAACCCTGGTCACCGTCTCCTCAG	63	IGHV4-34*01_T300C
22088	SPENSER:89:000000000-A8P9T:A01:6:u173244:0	AGGATATATCAGGGGGGAGTGCTTTCTGAGAGTCATGGACCTCCTGCACAAGAACATGAAACACCTGTGGTTCTTCCTCCTCCTGGTGGCAGCTCCCAGATGGGTCCTGTCCCAGGTGCAGCTACAGCAGTGGGGCGCAGGACTGTTGAAGCCTTCGGAGACCCTGTCCCTCACCTGCGCTGTCTATGGTGGGTCCTTCAGTGGTTACTACTGGAGCTGGATCCGCCAGCCCCCAGGGAAGGGNCTGGAGTGGATTGGGGAAATCNATTATAGTGGNAGCACCAACTACAACCCGTCCCCNNNNNNNNNNNNNNAANNNNNNCCCNNCCCNNNANNGTCGNGTNACCNNNNCAGTAGNNNCGTCNAAGAACCAGTTNTCCCNGAAGCTGAGCTCTGTGACCGCNGCGGACACGGCCGTGTATTACTGTGCGAGNCNGTNTTCNACTATNGCTCGANTTACTTCCCCTACTTNGACTACTGGGGCCAGGGAACCCTGGTCACCGTCTCCTCAGGGAGTGCATCCGCCCCAACCCTTTTCCCCCTCGTCTCCTGTGAGAATTCCCCGTCGGATACGAGCAGCGTGGCCGTTGGCTGCCTCGCACAGGACTTCNNAC	FALSE	FALSE	FALSE	IGHV4-34*01	IGHD3-10*01	IGHJ4*02	..............................GGACTGTTGAAGCCTTCGGAGACCCTGTCCCTCACCTGCGCTGTCTATGGTGGGTCCTTC............AGTGGTTACTACTGGAGCTGGATCCGCCAGCCCCCAGGGAAGGGNCTGGAGTGGATTGGGGAAATCNATTATAGT.........GGNAGCACCAACTACAACCCGTCCCNNNAN...NGTCGNGTNACCNNNNCAGTAGNNNCGTCNAAGAACCAGTTNTCCCNGAAGCTGAGCTCTGTGACCGCNGCGGACACGGCCGTGTATTACTGTGCGAGNCNGTNTTCNACTATNGCTCGANTTACTTCCCCTACTTNGACTACTGGGGCCAGGGAACCCTGGTCACCGTCTCCTCAG	TGTGCGAGNCNGTNTTCNACTATNGCTCGANTTACTTCCCCTACTTNGACTACTGG	GGTGGGTCCTTC............AGTGGTTACTAC	ATCNATTATAGT.........GGNAGCACC	GCGAGNCNGTNTTCNACTATNGCTCGANTTACTTCCCCTACTTNGACTAC	CAGGTGCAGCTACAGCAGTGGGGCGCA...GGACTGTTGAAGCCTTCGGAGACCCTGTCCCTCACCTGCGCTGTCTAT	TGGAGCTGGATCCGCCAGCCCCCAGGGAAGGGNCTGGAGTGGATTGGGGAA	AACTACAACCCGTCCCNNNAN...NGTCGNGTNACCNNNNCAGTAGNNNCGTCNAAGAACCAGTTNTCCCNGAAGCTGAGCTCTGTGACCGCNGCGGACACGGCCGTGTATTACTGT	TGGGGCCAGGGAACCCTGGTCACCGTCTCCTCAG	56	IGHV4-34*01_T300C
22196	SPENSER:89:000000000-A8P9T:A01:6:u257564:0	CGGATTAAACTTACAGGGGGAGTGCTTTCTGAGAGTCATGGACCTCCTGCACAAGAACATGAAACACCTGTGGTTCTTCCTCCTCCTGGTGGCAGCTCCCAGATGGGTCCTGTCCCAGGTGCAGCTACAGCAGTGGGGCGCAGGACTGTTGAAGCCTTCGGAGACCCTGTCCCTCACCTGCGCTGTCTATGGTGGGTCCTTCAGTGGTTACTACTGGAGCTGGATCCGCCAGCCCCCAGGGAAGGGGCTGGAGTGGATTGGGGAAATCAATCATAGTGGAAGCACCAACTACAACCCGTCNNNNANNNNNNNACNNCANCCNNNNCNNCANGNGNNGNGNNNCNNNNTCNGNNGNNACGNNCANGAACCNGTTNTCCCTGAAGCTGAGCTNTGTGACCGCCGCGGACACGGCCGTGTATTACTGTGCGAGAGNTGNAANNGGGCNTANANNNNGGNNCANTGNCTNGTTTGACTACTGGGGCCAGGGAACCCTGGTCACCGTCTCCTCAGGGAGTGCATCCGCCCCAACCCTTTTCCCCCTCGTCTCCTGTGAGAATTCCCCGTCGGATACGAGCAGCGTGGCCGTTGGCTGCCTCGCACAGGACTTCACNN	FALSE	TRUE	TRUE	IGHV4-34*01		IGHJ4*02	..............................GGACTGTTGAAGCCTTCGGAGACCCTGTCCCTCACCTGCGCTGTCTATGGTGGGTCCTTC............AGTGGTTACTACTGGAGCTGGATCCGCCAGCCCCCAGGGAAGGGGCTGGAGTGGATTGGGGAAATCAATCATAGT.........GGAAGCACCAACTACAACCCGTCCNNCANG...NGNNGNGNNNCNNNNTCNGNNGNNACGNNCANGAACCNGTTNTCCCTGAAGCTGAGCTNTGTGACCGCCGCGGACACGGCCGTGTATTACTGTGCGAGAGNTGNAANNGGGCNTANANNNNGGNNCANTGNCTNGTTTGACTACTGGGGCCAGGGAACCCTGGTCACCGTCTCCTCAG	TGTGCGAGAGNTGNAANNGGGCNTANANNNNGGNNCANTGNCTNGTTTGACTACTGG	GGTGGGTCCTTC............AGTGGTTACTAC	ATCAATCATAGT.........GGAAGCACC	GCGAGAGNTGNAANNGGGCNTANANNNNGGNNCANTGNCTNGTTTGACTAC	CAGGTGCAGCTACAGCAGTGGGGCGCA...GGACTGTTGAAGCCTTCGGAGACCCTGTCCCTCACCTGCGCTGTCTAT	TGGAGCTGGATCCGCCAGCCCCCAGGGAAGGGGCTGGAGTGGATTGGGGAA	AACTACAACCCGTCCNNCANG...NGNNGNGNNNCNNNNTCNGNNGNNACGNNCANGAACCNGTTNTCCCTGAAGCTGAGCTNTGTGACCGCCGCGGACACGGCCGTGTATTACTGT	TGGGGCCAGGGAACCCTGGTCACCGTCTCCTCAG	57	IGHV4-34*01_T300C
22297	SPENSER:89:000000000-A8P9T:A01:6:u174274:0	TATTGAATCTGGAACGGGGGGACATGGGAAGTGCTTTCTGAGAGTCATGGACCTCCTGCACAAGAACATGAAACACCTGTGGTTCTTCCTCCTCCTGGTGGCAGCTCCCAGATGGGTCCTGTCCCAGGTGCAGCTACAGCAGTGGGGCGCAGGACTGNTGAAGCCTTCGGAGACCCTGTCCCTCACCTGCGCTGTCTNTGGTGGGTCCTTCAGTNGTTACTACTGGAGCTGGATNCGCCAGCCCCCNGGGANGGGGCTGGNGTGGATTGGGGAAATCAATCATAGTGGNAGCACNNNCTAGNNNNNNNNNNAANNNNNNCCCGNCCCNNAAGNGTNGNGNNANCATNTCAGTNGACANNNCNAAGANCCAGNNNTCCCNGANGCNGNGCNNTGTGACNGCCGCNGACACGGCCGTGTATTACTGTGCGNGNGGTATAGCAGCAGCTGGTACCTGGNTNGACNNCTGGGGCCAGGGAACCCTGGTCACCGTCTCCTCAGGGAGTGCATCCGCCCCAACCCTTTTCCCCCTCGTCTCCTGTGAGAATTCCCCGTCGGATACGAGCAGCGTGGCCGTTGGCTGCCTCGCACAGGACTTCTNAG	FALSE	TRUE	TRUE	IGHV4-34*01	IGHD6-13*01	IGHJ5*02	..............................GGACTGNTGAAGCCTTCGGAGACCCTGTCCCTCACCTGCGCTGTCTNTGGTGGGTCCTTC............AGTNGTTACTACTGGAGCTGGATNCGCCAGCCCCCNGGGANGGGGCTGGNGTGGATTGGGGAAATCAATCATAGT.........GGNAGCACNNNCTANNNCCCGNCCCNNAAG...NGTNGNGNNANCATNTCAGTNGACANNNCNAAGANCCAGNNNTCCCNGANGCNGNGCNNTGTGACNGCCGCNGACACGGCCGTGTATTACTGTGCGNGNGGTATAGCAGCAGCTGGTACCTGGNTNGACNNCTGGGGCCAGGGAACCCTGGTCACCGTCTCCTCAG	TGTGCGNGNGGTATAGCAGCAGCTGGTACCTGGNTNGACNNCTGG	GGTGGGTCCTTC............AGTNGTTACTAC	ATCAATCATAGT.........GGNAGCACN	GCGNGNGGTATAGCAGCAGCTGGTACCTGGNTNGACNNC	CAGGTGCAGCTACAGCAGTGGGGCGCA...GGACTGNTGAAGCCTTCGGAGACCCTGTCCCTCACCTGCGCTGTCTNT	TGGAGCTGGATNCGCCAGCCCCCNGGGANGGGGCTGGNGTGGATTGGGGAA	NNCTANNNCCCGNCCCNNAAG...NGTNGNGNNANCATNTCAGTNGACANNNCNAAGANCCAGNNNTCCCNGANGCNGNGCNNTGTGACNGCCGCNGACACGGCCGTGTATTACTGT	TGGGGCCAGGGAACCCTGGTCACCGTCTCCTCAG	45	IGHV4-34*01_T300C
22390	SPENSER:89:000000000-A8P9T:A01:6:u78815:2	CGTCAATCGGATATAGGGGGAGAGTCATGGACCTCCTGCACAAGAACATGAAACACCTGTGGTTCTTCCTCCTCCTGGTGGCAGCTCCCAGATGGGTCCTGTCCCAGGTGCAGCTACAGCAGTGGGGCGCAGGACTGTTGAAGCCTTCGGAGACCCTGTCCCTCACCTGCGCTGTCTATGGTGGGTCCTTCAGTGGTTACTACTGGAGCTGGATCCGCCAGCCCCCAGGGAAGGGNCTGGAGTGGATTGGGGAAATCAATCANAGTGGAAGCACCAACTACAACCCNTCCCTNAAGAGTNNNNNNNNCTNCNNCCNNNCCCTCANNNNNCNGNTNACCNTNTNNGTNGNNANGTCNNAGNNNCAGTTCTCCCNGAAGCTGAGCTNTNTGACCGCCGCGGACACGGCCGTGTATTACTGTGCGAGNACCNANNGNGGTGNCNNNNNCNNTNACGTNNTTGACNNCTGGGGCCAGGGAACCCTGGTCACCGTCTCCTCAGGGAGTGCATCCGCCCCAACCCTTTTCCCCCTCGTCTCCTGTGAGAATTCCCCGTCGGATACGAGCAGCGTGGCCGTTGGCTGCCTCGCACAGGACTTCANNT	TRUE	TRUE	FALSE	IGHV4-34*01		IGHJ4*02	..............................GGACTGTTGAAGCCTTCGGAGACCCTGTCCCTCACCTGCGCTGTCTATGGTGGGTCCTTC............AGTGGTTACTACTGGAGCTGGATCCGCCAGCCCCCAGGGAAGGGNCTGGAGTGGATTGGGGAAATCAATCANAGT.........GGAAGCACCAACTACAACCCNTCCCTNAAG...AGTCNGNTNACCNTNTNNGTNGNNANGTCNNAGNNNCAGTTCTCCCNGAAGCTGAGCTNTNTGACCGCCGCGGACACGGCCGTGTATTACTGTGCGAGNACCNANNGNGGTGNCNNNNNCNNTNACGTNNTTGACNNCTGGGGCCAGGGAACCCTGGTCACCGTCTCCTCAG	TGTGCGAGNACCNANNGNGGTGNCNNNNNCNNTNACGTNNTTGACNNCTGG	GGTGGGTCCTTC............AGTGGTTACTAC	ATCAATCANAGT.........GGAAGCACC	GCGAGNACCNANNGNGGTGNCNNNNNCNNTNACGTNNTTGACNNC	CAGGTGCAGCTACAGCAGTGGGGCGCA...GGACTGTTGAAGCCTTCGGAGACCCTGTCCCTCACCTGCGCTGTCTAT	TGGAGCTGGATCCGCCAGCCCCCAGGGAAGGGNCTGGAGTGGATTGGGGAA	AACTACAACCCNTCCCTNAAG...AGTCNGNTNACCNTNTNNGTNGNNANGTCNNAGNNNCAGTTCTCCCNGAAGCTGAGCTNTNTGACCGCCGCGGACACGGCCGTGTATTACTGT	TGGGGCCAGGGAACCCTGGTCACCGTCTCCTCAG	51	IGHV4-34*01_T300C
22395	SPENSER:89:000000000-A8P9T:A01:6:u164412:0	TCTGTAAACACCGAGGGGCTTTCTGAGAGTCATGGACCTCCTGCACAAGAACATGAAACACCTGTGGTTCTTCCTCCTCCTGGTGGCAGCTCCCAGATGGGTCCTGTCCCAGGTGCAGCTACAGCAGTGGGGCGCAGGACTGTTGAAGCCTTCGGAGACCCTGTCCCTCACCTGCGCTGTCNATGGTGGGTCCTTCAGTGGTTACTACTGGAGCTGGATCCGCCAGCCCCCAGGGAANGGGCTGGNGTGGATTGGGGAAATCANNNATNGTGGNAGCNCCNACNACANCCCGTCCCNCAANNNNNNNNANNNNNNNNCNNNNNNNNNGGNGNNNCNNNNNCAGTNNNNNNGNCCNAGNACCAGNNNTCCCNNAAGCTGAGCTCTGNGACCGNNGCGGACACGNCCGTGTATTACTGTGCGAGANCCNTNGGTNNAGANNGNTNCNACTNGTTCNACNTNGACNNCTGGGGCCANGGAACCCTGGTCACCGTCTCCTCAGGGAGTGCATCCGCCCCAACCCTTTTCCCCCTCGTCTCCTGTGAGAATTCCCCGTCGGATACGAGCAGCGTGGCCGTTGGCTGCCTCGCACAGGACTTCATTT	FALSE	TRUE	TRUE	"IGHV4-34*01,IGHV4-34*04,IGHV4-34*12"		"IGHJ4*01,IGHJ4*02"	..............................GGACTGTTGAAGCCTTCGGAGACCCTGTCCCTCACCTGCGCTGTCNATGGTGGGTCCTTC............AGTGGTTACTACTGGAGCTGGATCCGCCAGCCCCCAGGGAANGGGCTGGNGTGGATTGGGGAAATCANNNATNGT.........GGNAGCNCCNACNACANCCCGTCCCNCAAN...NNNGGNGNNNCNNNNNCAGTNNNNNNGNCCNAGNACCAGNNNTCCCNNAAGCTGAGCTCTGNGACCGNNGCGGACACGNCCGTGTATTACTGTGCGAGANCCNTNGGTNNAGANNGNTNCNACTNGTTCNACNTNGACNNCTGGGGCCANGGAACCCTGGTCACCGTCTCCTCAG	TGTGCGAGANCCNTNGGTNNAGANNGNTNCNACTNGTTCNACNTNGACNNCTGG	GGTGGGTCCTTC............AGTGGTTACTAC	ATCANNNATNGT.........GGNAGCNCC	GCGAGANCCNTNGGTNNAGANNGNTNCNACTNGTTCNACNTNGACNNC	CAGGTGCAGCTACAGCAGTGGGGCGCA...GGACTGTTGAAGCCTTCGGAGACCCTGTCCCTCACCTGCGCTGTCNAT	TGGAGCTGGATCCGCCAGCCCCCAGGGAANGGGCTGGNGTGGATTGGGGAA	NACNACANCCCGTCCCNCAAN...NNNGGNGNNNCNNNNNCAGTNNNNNNGNCCNAGNACCAGNNNTCCCNNAAGCTGAGCTCTGNGACCGNNGCGGACACGNCCGTGTATTACTGT	TGGGGCCANGGAACCCTGGTCACCGTCTCCTCAG	54	IGHV4-34*01_T300C
22588	SPENSER:89:000000000-A8P9T:A01:6:u570311:1	CTGATCGGTCTCCAAGGGGGATGGGAAGTGCTTTCTGAGAGTCATGGACCTCCTGCACAAGAACATGAAACACCTGTGGTTCTTCCTCCTCCTGGTGGCAGCTCCCAGATGGGTCCTGTCCCAGGTGCAGCTACAGCAGTGGGGCGCAGGACTGTTGAAGCCTTCGGAGACCCTGTCCCTCACCTGCGCTGTCTATGGTGGGTCCTTCAATGGTTACTACTGGAGCTGGATCCGGCAGCCCCCAGGGAAGGGACTGGAGTGGATTGGGTATATCTATTACAGTGGGAGCACCAAACACAACGCCCTTCATGGGTGGGGTCACCCTATCCGTGTACCTGTCCAGGATCCCGTTTTCCCTGAGGCTAGGCTGCGTGACCGTTGCGGACACTGCCGTGTATTACTGTGCGAGAGCTGGCAGTGGCTGGTACGCGGCCACGAGGTACTACTACTACGGTATGGACGTCTGGGGCCAAGGGACCACGGTCACCGTCTCCTCAGGGAGTGCATCCGCCCCAACCCTTTTCCCCCTCGTCTCCTGTGAGAATTCCCCGTCGGATACGAGCAGCGTGGCCGTTGGCTGCCTCGCACAGGACTTCTAGT	TRUE	TRUE	FALSE	IGHV4-34*11	IGHD6-19*01	IGHJ6*02	..............................GGACTGTTGAAGCCTTCGGAGACCCTGTCCCTCACCTGCGCTGTCTATGGTGGGTCCTTC............AATGGTTACTACTGGAGCTGGATCCGGCAGCCCCCAGGGAAGGGACTGGAGTGGATTGGGTATATCTATTACAGT.........GGGAGCACCAAACACAACGC--CCTTCATG...GGTGGGGTCACCCTATCCGTGTACCTGTCCAGGATCCCGTTTTCCCTGAGGCTAGGCTGCGTGACCGTTGCGGACACTGCCGTGTATTACTGTGCGAGAGCTGGCAGTGGCTGGTACGCGGCCACGAGGTACTACTACTACGGTATGGACGTCTGGGGCCAAGGGACCACGGTCACCGTCTCCTCA	TGTGCGAGAGCTGGCAGTGGCTGGTACGCGGCCACGAGGTACTACTACTACGGTATGGACGTCTGG	GGTGGGTCCTTC............AATGGTTACTAC	ATCTATTACAGT.........GGGAGCACC	GCGAGAGCTGGCAGTGGCTGGTACGCGGCCACGAGGTACTACTACTACGGTATGGACGTC	CAGGTGCAGCTACAGCAGTGGGGCGCA...GGACTGTTGAAGCCTTCGGAGACCCTGTCCCTCACCTGCGCTGTCTAT	TGGAGCTGGATCCGGCAGCCCCCAGGGAAGGGACTGGAGTGGATTGGGTAT	AAACACAACGC--CCTTCATG...GGTGGGGTCACCCTATCCGTGTACCTGTCCAGGATCCCGTTTTCCCTGAGGCTAGGCTGCGTGACCGTTGCGGACACTGCCGTGTATTACTGT	TGGGGCCAAGGGACCACGGTCACCGTCTCCTCA	66	IGHV4-34*01_T300C
22634	SPENSER:89:000000000-A8P9T:A01:6:u293660:0	TTGTCTTGTCGACGCGGGGAGTGCTTTCTGAGAGTCATGGACCTCCTGCACAAGAACATGAAACACCTGTGGTTCTTCCTCCTCCTGGTGGCAGCTCCCAGATGGGTCCTGTCCCAGGTGCAGCTACAGCAGTGGGGCGCAGGACTGTTGAAGCCTTCGGAGACCCTGTCCCTCACCTGCGCTGTCTATGGTGGGTCCTTCAGTGGTTACTACTGGAGCTGGATCCGCCAGCCCCCAGGGAAGGGGCTGGAGTGGATTGGGGNNATCNATTATAGTGGAAGCACCTACTACAACCCGTCCNNNNNTNNNANCCNNCCCTCANGNNNNGNGNNNCNNTNTCNNTNGACACGNCCANGAACCAGTNNTCCCTGAAGCTGAGNNNTGTGACCGCCGCGGACACGGCCGTGTATTACTGTGCGAGAGACGANAGTTGCAGCGGNGGTAGNNGNGATTCNGNNNCNNNNCTGGTTTGACNNCTGGGGCCAGGGAACCCTGGTCACCGTCTCCTCAGGGAGTGCATCCGCCCCAACCCTTTTCCCCCTCGTCTCCTGTGAGAATTCCCCGTCGGATACGAGCAGCGTGGCCGTTGGCTGCCTCGCACAGGACTTCANCG	FALSE	FALSE	TRUE	IGHV4-34*01	IGHD2-15*01	IGHJ5*02	..............................GGACTGTTGAAGCCTTCGGAGACCCTGTCCCTCACCTGCGCTGTCTATGGTGGGTCCTTC............AGTGGTTACTACTGGAGCTGGATCCGCCAGCCCCCAGGGAAGGGGCTGGAGTGGATTGGGGNNATCNATTATAGT.........GGAAGCACCTACTACAACCCGTCCCTCANG...NNNNGNGNNNCNNTNTCNNTNGACACGNCCANGAACCAGTNNTCCCTGAAGCTGAGNNNTGTGACCGCCGCGGACACGGCCGTGTATTACTGTGCGAGAGACGANAGTTGCAGCGGNGGTAGNNGNGATTCNGNNNCNNNNCTGGTTTGACNNCTGGGGCCAGGGAACCCTGGTCACCGTCTCCTCAG	TGTGCGAGAGACGANAGTTGCAGCGGNGGTAGNNGNGATTCNGNNNCNNNNCTGGTTTGACNNCTGG	GGTGGGTCCTTC............AGTGGTTACTAC	ATCNATTATAGT.........GGAAGCACC	GCGAGAGACGANAGTTGCAGCGGNGGTAGNNGNGATTCNGNNNCNNNNCTGGTTTGACNNC	CAGGTGCAGCTACAGCAGTGGGGCGCA...GGACTGTTGAAGCCTTCGGAGACCCTGTCCCTCACCTGCGCTGTCTAT	TGGAGCTGGATCCGCCAGCCCCCAGGGAAGGGGCTGGAGTGGATTGGGGNN	TACTACAACCCGTCCCTCANG...NNNNGNGNNNCNNTNTCNNTNGACACGNCCANGAACCAGTNNTCCCTGAAGCTGAGNNNTGTGACCGCCGCGGACACGGCCGTGTATTACTGT	TGGGGCCAGGGAACCCTGGTCACCGTCTCCTCAG	67	IGHV4-34*01_T300C
22636	SPENSER:89:000000000-A8P9T:A01:6:u252502:0	GTGACGCTTTACGGGGGAGTGCTTTCTGAGAGTCATGGACCTCCTGCACAAGAACATGAAACACCTGTGGTTCTTCCTCCTCCTGGTGGCAGCTCCCAGATGGGTCCTGTCCCAGGTGCAGCTACAGCAGTGGGGCGCAGGACTGTTGAAGCCTTCGGAGACCCTGTCCCTCACCTGCGCTGTCTATGGTGGGTCCTTCAGTGGTTACTACTGGAGCTGGATCCGCCAGCCCCCAGGGAAGGGGCTGGAGTGGATTGGGGANATCAATNNNAGTGGNAGCACCAACTACAACCCGTCCCCNNNNNNNNAANNANNACNCNNCCCNNANNNNGNGGNNTNACNATNNCAGTNNACACGNCNAAGAACCAGTTCNCCCTGAAGCTGAGCNNTGTGACCGCCGCGGANACGGCCGTGTATTACTGTGCGAGAGCCNGATACAGCTATGGTGATGGGAGCTGCNACNTTGACTACTGGGGCCAGGGAACCCTGGTCACCGTCTCCTCAGGGAGTGCATCCGCCCCAACCCTTTTCCCCCTCGTCTCCTGTGAGAATTCCCCGTCGGATACGAGCAGCGTGGCCGTTGGCTGCCTCGCACAGGACTTCNCCN	FALSE	TRUE	TRUE	IGHV4-34*01	"IGHD5-18*01,IGHD5-5*01"	IGHJ4*02	..............................GGACTGTTGAAGCCTTCGGAGACCCTGTCCCTCACCTGCGCTGTCTATGGTGGGTCCTTC............AGTGGTTACTACTGGAGCTGGATCCGCCAGCCCCCAGGGAAGGGGCTGGAGTGGATTGGGGANATCAATNNNAGT.........GGNAGCACCAACTACAACCCGTCCCNANNN...NGNGGNNTNACNATNNCAGTNNACACGNCNAAGAACCAGTTCNCCCTGAAGCTGAGCNNTGTGACCGCCGCGGANACGGCCGTGTATTACTGTGCGAGAGCCNGATACAGCTATGGTGATGGGAGCTGCNACNTTGACTACTGGGGCCAGGGAACCCTGGTCACCGTCTCCTCAG	TGTGCGAGAGCCNGATACAGCTATGGTGATGGGAGCTGCNACNTTGACTACTGG	GGTGGGTCCTTC............AGTGGTTACTAC	ATCAATNNNAGT.........GGNAGCACC	GCGAGAGCCNGATACAGCTATGGTGATGGGAGCTGCNACNTTGACTAC	CAGGTGCAGCTACAGCAGTGGGGCGCA...GGACTGTTGAAGCCTTCGGAGACCCTGTCCCTCACCTGCGCTGTCTAT	TGGAGCTGGATCCGCCAGCCCCCAGGGAAGGGGCTGGAGTGGATTGGGGAN	AACTACAACCCGTCCCNANNN...NGNGGNNTNACNATNNCAGTNNACACGNCNAAGAACCAGTTCNCCCTGAAGCTGAGCNNTGTGACCGCCGCGGANACGGCCGTGTATTACTGT	TGGGGCCAGGGAACCCTGGTCACCGTCTCCTCAG	54	IGHV4-34*01_T300C
22702	SPENSER:89:000000000-A8P9T:A01:8:u24912:0	ATTGGTCTTCAGGTGGGGTGCTTTCTGAGAGTCATGGACCTCCTGCACAAGAACATGAAACACCTGTGGTTCTTCCTCCTCCTGGTGGCAGCTCCCAGATGGGTCCTGTCCCAGGTGCAGCTACAGCAGTGGGGCGCAGGACTGTTGAAGCCTTCGGAGACCCTGTCCCTCACCTGCGCTGTCTATGGTGGGTCCTTCAGTGGTTACTACTGGAGCTGGATCCGCCAGCCCCCAGGGAAGGGGCTGGAGTGGATTGGGGAAATCAATCATAGTGGAAGCACCAACTACAACCCGTCCCTCCGCCCTTGTGGTGAGGGCTGTTACCTCCGCGTACACGGGTGTGGTTTACGGGGTGTGACGGTTCAGGTCTTCCTATGGTTCGGGGGCTCACTGGTGCGACCCCTTGGGCCAGTGAACCCTTGTCACCGTCTCCTCAGCACCCAACAAGGCTCCGGATGTGTTCCCCATCATATCAGGGTGCAGACACCCAAAGGATAACAGCCCTGTGGTCCTGGCATGCTTGATAACTGGGTACCACCCAACGTCCGTGACTGTCACCTGGTACATGGGGACACAGAGCCAGCCCCAGAGAACCTACCT	FALSE	FALSE	FALSE	"IGHV4-34*01,IGHV4-34*03,IGHV4-34*06"	"IGHD2-21*01,IGHD2-21*02"	IGHJ5*02	..............................GGACTGTTGAAGCCTTCGGAGACCCTGTCCCTCACCTGCGCTGTCTATGGTGGGTCCTTC............AGTGGTTACTACTGGAGCTGGATCCGCCAGCCCCCAGGGAAGGGGCTGGAGTGGATTGGGGAAATCAATCATAGT.........GGAAGCACCAACTACAACCCGTCCCTCCGCCCTTGTGGTGAGGGCTGTTACCTCCGCGTACACGGGTGTGGTTTACGGGGTGTGACGGTTCAGGTCTTCCTATGGTTCGGGGGCTCACTGGTGCGACCCCTTGGGCCAGTGAACCCTTGTCACCGTCTCCTCAG	GTGCGACCCCTTG	GGTGGGTCCTTC............AGTGGTTACTAC	ATCAATCATAGT.........GGAAGCACC	CCCCTTG	CAGGTGCAGCTACAGCAGTGGGGCGCA...GGACTGTTGAAGCCTTCGGAGACCCTGTCCCTCACCTGCGCTGTCTAT	TGGAGCTGGATCCGCCAGCCCCCAGGGAAGGGGCTGGAGTGGATTGGGGAA	AACTACAACCCGTCCCTCCGCCCTTGTGGTGAGGGCTGTTACCTCCGCGTACACGGGTGTGGTTTACGGGGTGTGACGGTTCAGGTCTTCCTATGGTTCGGGGGCTCACTGGTGCGA	GGCCAGTGAACCCTTGTCACCGTCTCCTCAG	13	IGHV4-34*01_T300C
